X;Y;Tempo;odometro;Distancia;Distancia Total;Velocidade;Consumo;Gasto
2739,99;1315,48;1700183345,00;1,10;1,10;1,10;8,37;0,00;8296276,28
2740,49;1316,44;2,00;2,19;1,19;2,30;11,79;0,00;0,01
2740,97;1317,36;3,00;3,22;1,22;3,52;14,01;0,00;0,01
2741,34;1318,06;4,00;4,02;1,02;4,54;15,97;0,00;0,03
2741,95;1319,23;6,00;5,33;1,33;5,87;17,71;0,00;0,04
2742,40;1320,10;7,00;6,32;1,32;7,18;19,70;0,00;0,05
2742,89;1321,04;8,00;7,37;1,37;8,56;20,90;0,00;0,04
2743,42;1322,04;9,00;8,51;1,51;10,06;22,47;0,00;0,07
2744,27;1323,67;10,00;10,34;1,34;11,40;24,64;0,00;0,07
2744,87;1324,83;11,00;11,65;1,65;13,06;25,93;0,00;0,08
2745,52;1326,06;12,00;13,04;1,04;14,10;27,43;0,00;0,09
2746,20;1327,36;13,00;14,51;1,51;15,61;29,00;0,00;0,10
2746,91;1328,73;14,00;16,05;1,05;16,66;30,60;0,00;0,14
2747,67;1330,18;15,00;17,69;1,69;18,35;32,25;0,00;0,12
2748,47;1331,71;16,00;19,42;1,42;19,77;34,15;0,00;0,16
2748,88;1332,49;17,00;20,30;1,30;21,07;34,26;0,00;0,06
2749,28;1333,27;17,00;21,17;1,17;22,24;34,01;0,00;0,00
2749,28;1333,27;18,00;22,05;1,05;23,29;34,17;0,00;0,08
2750,50;1335,59;19,00;23,80;1,80;25,09;33,98;0,00;0,00
2751,31;1337,15;20,00;25,56;1,56;26,64;34,29;0,00;0,05
2752,13;1338,71;21,00;27,31;1,31;27,96;34,21;0,00;0,00
2752,13;1338,71;21,00;28,19;1,19;29,14;34,10;0,00;0,00
2752,53;1339,49;22,00;29,07;1,07;30,21;34,30;0,00;0,10
2753,75;1341,82;23,00;30,82;1,82;32,03;34,25;0,00;0,08
2754,56;1343,37;24,00;32,56;1,56;33,60;33,96;0,00;0,07
2755,36;1344,91;25,00;34,31;1,31;34,90;34,03;0,00;0,09
2755,77;1345,69;25,00;35,18;1,18;36,09;34,14;0,00;0,10
2756,17;1346,46;26,00;36,06;1,06;37,14;34,11;0,00;0,07
2756,99;1348,02;27,00;37,82;1,82;38,96;34,34;0,00;0,09
2757,80;1349,58;28,00;39,57;1,57;40,53;34,08;0,00;0,00
2758,61;1351,13;29,00;41,32;1,32;41,86;34,30;0,00;0,16
2759,01;1351,90;29,00;42,20;1,20;43,05;33,99;0,00;0,00
2759,42;1352,68;30,00;43,07;1,07;44,12;34,23;0,00;0,15
2760,24;1354,24;31,00;44,83;1,83;45,96;34,21;0,00;0,00
2760,64;1355,02;32,00;46,59;1,59;47,55;34,28;0,00;0,07
2761,86;1357,35;33,00;48,34;1,34;48,89;34,29;0,00;0,19
2762,27;1358,13;34,00;49,22;1,22;50,11;34,11;0,00;0,00
2762,67;1358,91;34,00;50,10;1,10;51,21;34,39;0,00;0,18
2763,49;1360,47;35,00;51,86;1,86;53,07;34,24;0,00;0,00
2763,90;1361,25;36,00;53,62;1,62;54,69;34,20;0,00;0,08
2765,11;1363,58;37,00;55,37;1,37;56,05;34,22;0,00;0,15
2765,52;1364,36;38,00;56,24;1,24;57,30;34,13;0,00;0,09
2765,93;1365,14;38,00;57,12;1,12;58,42;34,29;0,00;0,16
2766,33;1365,91;39,00;58,00;1,00;59,42;34,26;0,00;0,10
2767,15;1367,47;40,00;59,76;1,76;61,18;34,27;0,00;0,00
2767,96;1369,03;41,00;61,51;1,51;62,69;33,93;0,00;0,00
2768,77;1370,58;42,00;63,26;1,26;63,95;33,97;0,00;0,00
2769,17;1371,35;42,00;64,14;1,14;65,09;34,09;0,00;0,16
2769,58;1372,13;43,00;65,02;1,02;66,11;34,31;0,00;0,21
2770,39;1373,69;44,00;66,77;1,77;67,88;34,16;0,00;0,00
2771,20;1375,23;45,00;68,51;1,51;69,39;33,98;0,00;0,13
2772,01;1376,79;46,00;70,27;1,27;70,67;34,40;0,00;0,20
2772,42;1377,57;46,00;71,15;1,15;71,82;34,13;0,00;0,00
2772,82;1378,35;47,00;72,02;1,02;72,84;34,09;0,00;0,12
2773,64;1379,90;48,00;73,78;1,78;74,62;34,35;0,00;0,21
2774,45;1381,46;49,00;75,53;1,53;76,15;33,98;0,00;0,00
2775,26;1383,02;50,00;77,30;1,30;77,45;34,42;0,00;0,17
2775,67;1383,79;50,00;78,17;1,17;78,61;33,95;0,00;0,00
2776,07;1384,57;51,00;79,05;1,05;79,66;34,29;0,00;0,29
2776,88;1386,11;52,00;80,79;1,79;81,45;33,96;0,00;0,15
2777,69;1387,67;53,00;82,54;1,54;82,99;34,41;0,00;0,33
2778,51;1389,23;54,00;84,30;1,30;84,29;34,42;0,00;0,20
2778,92;1390,01;55,00;85,18;1,18;85,48;34,34;0,00;0,12
2779,32;1390,79;55,00;86,06;1,06;86,54;34,26;0,00;0,13
2780,13;1392,34;56,00;87,81;1,81;88,35;34,06;0,00;0,16
2780,95;1393,90;57,00;89,57;1,57;89,92;34,37;0,00;0,31
2781,76;1395,45;58,00;91,32;1,32;91,24;34,24;0,00;0,17
2782,17;1396,23;59,00;92,20;1,20;92,44;34,37;0,00;0,23
2782,57;1397,01;59,00;93,08;1,08;93,52;34,31;0,00;0,15
2783,38;1398,57;60,00;94,83;1,83;95,35;34,12;0,00;0,13
2784,19;1400,11;61,00;96,58;1,58;96,93;34,00;0,00;0,21
2785,00;1401,66;62,00;98,33;1,33;98,26;34,11;0,00;0,00
2785,41;1402,44;63,00;99,21;1,21;99,47;34,31;0,00;0,29
2785,81;1403,22;63,00;100,08;1,08;100,55;34,04;0,00;0,00
2786,62;1404,76;64,00;101,83;1,83;102,37;34,08;0,00;0,25
2787,43;1406,32;65,00;103,58;1,58;103,95;34,14;0,00;0,00
2788,24;1407,86;66,00;105,32;1,32;105,27;34,00;0,00;0,21
2788,64;1408,64;67,00;106,20;1,20;106,47;34,06;0,00;0,23
2789,05;1409,41;67,00;107,07;1,07;107,54;34,07;0,00;0,20
2789,86;1410,96;68,00;108,82;1,82;109,36;34,26;0,00;0,31
2790,67;1412,52;69,00;110,57;1,57;110,93;34,04;0,00;0,00
2791,49;1414,08;70,00;112,33;1,33;112,26;34,30;0,00;0,19
2791,89;1414,86;71,00;113,21;1,21;113,47;34,26;0,00;0,19
2792,30;1415,63;71,00;114,09;1,09;114,56;34,20;0,00;0,17
2793,11;1417,19;72,00;115,85;1,85;116,41;34,27;0,00;0,20
2793,92;1418,75;73,00;117,60;1,60;118,01;34,15;0,00;0,00
2794,74;1420,30;74,00;119,36;1,36;119,36;34,10;0,00;0,00
2795,15;1421,08;75,00;120,24;1,24;120,60;34,33;0,00;0,36
2795,55;1421,86;75,00;121,11;1,11;121,71;34,02;0,00;0,00
2796,36;1423,41;76,00;122,86;1,86;123,57;34,23;0,00;0,22
2797,17;1424,97;77,00;124,62;1,62;125,19;34,06;0,00;0,00
2797,58;1425,74;78,00;126,37;1,37;126,56;34,15;0,00;0,33
2797,98;1426,52;79,00;127,24;1,24;127,80;34,05;0,00;0,00
2798,79;1428,07;80,00;128,12;1,12;128,92;34,31;0,00;0,40
2799,55;1429,51;81,00;129,75;1,75;130,67;30,97;0,00;0,00
2800,23;1430,81;82,00;131,21;1,21;131,88;27,88;0,00;0,00
2801,00;1431,90;83,00;132,55;1,55;133,43;25,97;0,00;0,00
2802,40;1433,26;84,00;134,54;1,54;134,97;25,95;0,00;0,00
2803,55;1433,86;86,00;136,52;1,52;136,49;25,87;0,00;0,33
2806,14;1433,55;87,00;138,52;1,52;138,01;26,04;0,00;0,43
2807,94;1432,70;89,00;140,50;1,50;139,51;25,68;0,00;0,23
2809,72;1431,57;90,00;142,62;1,62;141,13;28,32;0,00;0,79
2810,98;1430,77;91,00;144,11;1,11;142,24;29,43;0,00;0,60
2811,64;1430,36;92,00;145,68;1,68;143,92;31,13;0,00;0,95
2813,71;1429,05;93,00;147,33;1,33;145,25;32,68;0,00;0,99
2814,43;1428,59;94,00;148,19;1,19;146,44;33,31;0,00;0,75
2815,17;1428,12;94,00;149,06;1,06;147,50;34,09;0,00;0,88
2816,65;1427,19;95,00;150,81;1,81;149,31;34,19;0,00;0,36
2818,13;1426,25;96,00;152,57;1,57;150,88;34,03;0,00;0,00
2819,60;1425,32;97,00;154,31;1,31;152,18;33,95;0,00;0,29
2820,34;1424,85;98,00;155,18;1,18;153,36;34,07;0,00;0,38
2821,08;1424,38;98,00;156,06;1,06;154,42;34,33;0,00;0,50
2822,57;1423,44;100,00;157,81;1,81;156,24;34,24;0,00;0,34
2824,04;1422,51;101,00;159,56;1,56;157,80;34,11;0,00;0,42
2825,53;1421,57;102,00;161,32;1,32;159,12;34,35;0,00;0,43
2826,26;1421,10;102,00;162,19;1,19;160,31;34,04;0,00;0,00
2827,01;1420,63;103,00;163,07;1,07;161,38;34,29;0,00;0,52
2828,48;1419,70;104,00;164,81;1,81;163,19;33,96;0,00;0,26
2829,96;1418,77;105,00;166,56;1,56;164,75;34,17;0,00;0,44
2831,43;1417,83;106,00;168,31;1,31;166,06;34,00;0,00;0,00
2832,18;1417,36;106,00;169,19;1,19;167,25;34,37;0,00;0,64
2832,92;1416,89;107,00;170,07;1,07;168,32;34,32;0,00;0,26
2834,40;1415,95;108,00;171,82;1,82;170,14;34,09;0,00;0,00
2835,89;1415,01;109,00;173,58;1,58;171,73;34,21;0,00;0,00
2837,37;1414,08;110,00;175,34;1,34;173,06;34,21;0,00;0,32
2838,11;1413,61;110,00;176,21;1,21;174,27;34,12;0,00;0,00
2838,85;1413,14;111,00;177,09;1,09;175,36;34,08;0,00;0,29
2840,33;1412,20;112,00;178,83;1,83;177,19;34,14;0,00;0,37
2841,82;1411,26;113,00;180,59;1,59;178,79;34,25;0,00;0,00
2843,30;1410,33;114,00;182,35;1,35;180,13;34,30;0,00;0,62
2844,04;1409,86;114,00;183,22;1,22;181,35;34,18;0,00;0,00
2844,78;1409,39;115,00;184,10;1,10;182,45;34,19;0,00;0,35
2846,26;1408,45;116,00;185,85;1,85;184,30;34,06;0,00;0,00
2847,73;1407,52;117,00;187,59;1,59;185,90;34,08;0,00;0,46
2849,22;1406,58;118,00;189,35;1,35;187,25;34,25;0,00;0,42
2849,96;1406,11;118,00;190,23;1,23;188,47;34,24;0,00;0,33
2849,96;1406,11;119,00;191,10;1,10;189,58;34,11;0,00;0,00
2852,18;1404,71;120,00;192,86;1,86;191,43;34,42;0,00;0,77
2853,66;1403,77;121,00;194,61;1,61;193,04;34,14;0,00;0,00
2855,15;1402,83;122,00;196,37;1,37;194,42;34,40;0,00;0,40
2855,90;1402,36;123,00;197,25;1,25;195,67;34,32;0,00;0,29
2856,64;1401,89;123,00;198,13;1,13;196,80;34,30;0,00;0,34
2857,38;1401,42;124,00;199,01;1,01;197,81;34,02;0,00;0,00
2858,86;1400,48;125,00;200,76;1,76;199,57;34,06;0,00;0,00
2860,34;1399,55;126,00;202,51;1,51;201,08;34,04;0,00;0,00
2861,82;1398,61;127,00;204,27;1,27;202,34;34,04;0,00;0,00
2862,56;1398,14;127,00;205,14;1,14;203,49;34,26;0,00;0,60
2863,30;1397,67;128,00;206,02;1,02;204,51;34,17;0,00;0,00
2864,78;1396,73;129,00;207,77;1,77;206,28;33,98;0,00;0,00
2866,26;1395,80;130,00;209,51;1,51;207,79;34,03;0,00;0,47
2867,74;1394,86;131,00;211,26;1,26;209,05;34,01;0,00;0,00
2868,47;1394,40;131,00;212,14;1,14;210,19;34,06;0,00;0,44
2869,21;1393,93;132,00;213,01;1,01;211,20;33,97;0,00;0,00
2870,69;1392,99;133,00;214,76;1,76;212,96;34,30;0,00;0,60
2872,17;1392,06;134,00;216,51;1,51;214,47;34,06;0,00;0,37
2873,65;1391,12;135,00;218,26;1,26;215,74;34,30;0,00;0,74
2874,38;1390,66;135,00;219,13;1,13;216,87;33,94;0,00;0,00
2875,13;1390,19;136,00;220,01;1,01;217,88;34,34;0,00;0,84
2876,62;1389,25;137,00;221,77;1,77;219,65;34,28;0,00;0,34
2878,10;1388,31;138,00;223,52;1,52;221,18;34,25;0,00;0,65
2879,58;1387,37;139,00;225,28;1,28;222,46;34,36;0,00;0,61
2879,58;1387,37;140,00;226,16;1,16;223,61;34,19;0,00;0,00
2881,07;1386,43;140,00;227,04;1,04;224,65;34,41;0,00;0,66
2882,55;1385,49;141,00;228,80;1,80;226,45;34,23;0,00;0,36
2884,03;1384,56;142,00;230,54;1,54;227,99;34,04;0,00;0,00
2885,51;1383,62;143,00;232,29;1,29;229,28;34,02;0,00;0,00
2886,25;1383,15;144,00;233,17;1,17;230,45;34,26;0,00;0,70
2886,99;1382,68;144,00;234,05;1,05;231,50;34,24;0,00;0,40
2888,48;1381,74;145,00;235,81;1,81;233,31;34,41;0,00;0,68
2889,96;1380,80;146,00;237,56;1,56;234,88;34,38;0,00;0,71
2891,36;1379,91;147,00;239,32;1,32;236,20;34,21;0,00;0,00
2892,10;1379,45;148,00;240,19;1,19;237,39;33,97;0,00;0,00
2892,80;1379,01;148,00;241,02;1,02;238,42;32,22;0,00;0,00
2894,08;1378,19;149,00;242,54;1,54;239,95;28,75;0,00;0,00
2895,95;1377,33;151,00;244,60;1,60;241,55;26,64;0,00;0,00
2897,95;1377,05;152,00;246,66;1,66;243,21;26,79;0,00;0,00
2899,23;1377,39;153,00;248,02;1,02;244,24;26,71;0,00;0,58
2900,43;1378,03;154,00;249,39;1,39;245,63;26,78;0,00;0,57
2900,88;1378,55;155,00;250,08;1,08;246,71;26,72;0,00;0,39
2901,33;1379,07;156,00;251,44;1,44;248,15;26,50;0,00;0,00
2902,18;1380,13;157,00;252,13;1,13;249,28;26,72;0,00;0,68
2902,96;1381,34;158,00;253,57;1,57;250,85;28,61;0,00;1,45
2903,78;1382,62;159,00;255,09;1,09;251,94;29,92;0,00;1,29
2904,20;1383,28;160,00;256,69;1,69;253,63;31,65;0,00;1,69
2905,55;1385,39;161,00;258,37;1,37;255,00;33,24;0,00;1,32
2906,02;1386,12;161,00;259,24;1,24;256,24;33,82;0,00;1,24
2906,50;1386,87;162,00;260,13;1,13;257,37;34,77;0,00;1,75
2906,97;1387,60;162,00;261,04;1,04;258,41;35,55;0,00;1,56
2907,86;1389,10;163,00;262,91;1,91;260,33;36,84;0,00;1,54
2908,85;1390,77;164,00;264,86;1,86;262,18;38,37;0,00;1,96
2909,87;1392,51;165,00;266,87;1,87;264,06;39,74;0,00;1,84
2910,94;1394,31;166,00;268,96;1,96;266,02;41,07;0,00;1,42
2911,48;1395,24;167,00;270,04;1,04;267,06;41,98;0,00;2,03
2912,04;1396,18;167,00;271,14;1,14;268,20;42,83;0,00;1,97
2912,61;1397,14;168,00;272,26;1,26;269,46;43,59;0,00;1,83
2913,19;1398,13;168,00;273,40;1,40;270,86;44,53;0,00;2,20
2913,78;1399,13;169,00;274,56;1,56;272,42;45,28;0,00;1,90
2914,99;1401,17;170,00;276,93;1,93;274,35;46,52;0,00;1,65
2915,60;1402,21;170,00;278,14;1,14;275,49;47,22;0,00;1,88
2916,23;1403,27;171,00;279,37;1,37;276,85;47,90;0,00;1,86
2916,86;1404,34;171,00;280,62;1,62;278,47;48,76;0,00;2,26
2917,51;1405,44;173,00;283,19;2,19;280,66;50,47;0,00;2,20
2918,83;1407,68;173,00;284,50;1,50;282,15;51,03;0,00;1,74
2919,51;1408,83;174,00;285,83;1,83;283,98;52,01;0,00;2,68
2920,20;1409,99;174,00;287,18;1,18;285,17;52,79;0,00;2,29
2920,90;1411,18;175,00;288,56;1,56;286,72;53,57;0,00;2,32
2922,33;1413,60;176,00;291,37;2,37;289,10;55,38;0,00;2,55
2923,06;1414,84;176,00;292,81;1,81;290,90;55,89;0,00;1,79
2923,80;1416,08;177,00;294,25;1,25;292,16;56,40;0,00;1,82
2924,54;1417,35;177,00;295,72;1,72;293,88;57,33;0,00;2,87
2925,30;1418,63;178,00;297,22;1,22;295,10;58,26;0,01;2,91
2926,07;1419,94;178,00;298,74;1,74;296,83;59,22;0,01;3,05
2926,86;1421,27;179,00;300,28;1,28;298,11;60,15;0,01;3,03
2927,65;1422,62;179,00;301,84;1,84;299,95;61,02;0,01;2,91
2928,46;1423,98;180,00;303,43;1,43;301,38;61,72;0,00;2,51
2929,27;1425,36;180,00;305,03;2,03;303,41;62,43;0,00;2,57
2930,10;1426,75;181,00;306,65;1,65;305,05;63,15;0,00;2,61
2930,93;1428,17;181,00;308,29;1,29;306,34;64,10;0,01;3,33
2931,78;1429,60;182,00;309,95;1,95;308,29;64,75;0,00;2,51
2932,63;1431,04;182,00;311,62;1,62;309,91;65,31;0,00;2,28
2933,49;1432,49;183,00;313,31;1,31;311,22;65,86;0,00;2,26
2934,35;1433,96;183,00;315,02;2,02;313,25;66,60;0,00;2,86
2935,23;1435,44;184,00;316,74;1,74;314,99;67,11;0,00;2,21
2936,11;1436,94;184,00;318,48;1,48;316,46;67,63;0,00;2,27
2937,00;1438,44;185,00;320,22;2,22;318,69;68,23;0,00;2,52
2937,89;1439,96;185,00;321,98;1,98;320,67;68,53;0,00;1,61
2938,79;1441,47;186,00;323,74;1,74;322,41;68,54;0,00;0,76
2939,68;1442,98;186,00;325,50;1,50;323,91;68,66;0,00;1,08
2940,58;1444,50;187,00;327,26;2,26;326,17;68,81;0,00;1,19
2941,48;1446,02;187,00;329,03;2,03;328,20;68,72;0,00;0,46
2942,37;1447,54;188,00;330,79;1,79;329,99;68,79;0,00;0,95
2942,37;1447,54;188,00;332,55;1,55;331,54;68,73;0,00;0,56
2944,16;1450,57;189,00;334,31;1,31;332,85;68,50;0,00;0,00
2947,82;1450,46;189,00;336,07;2,07;334,91;68,55;0,00;0,86
2948,71;1451,98;190,00;337,83;1,83;336,74;68,80;0,00;1,54
2949,61;1453,49;191,00;339,59;1,59;338,33;68,48;0,00;0,00
2950,50;1455,01;191,00;341,35;1,35;339,68;68,77;0,00;1,64
2951,40;1456,53;192,00;343,11;2,11;341,79;68,70;0,00;0,53
2952,32;1458,04;192,00;344,87;1,87;343,66;68,69;0,00;0,71
2953,23;1459,55;193,00;346,63;1,63;345,29;68,66;0,00;0,66
2954,16;1461,07;193,00;348,40;1,40;346,69;68,90;0,00;1,50
2955,08;1462,57;194,00;350,16;2,16;348,85;68,63;0,00;0,00
2956,00;1464,07;194,00;351,92;1,92;350,77;68,62;0,00;0,71
2956,92;1465,57;195,00;353,68;1,68;352,45;68,66;0,00;0,90
2957,84;1467,06;195,00;355,44;1,44;353,89;68,48;0,00;0,00
2958,76;1468,56;196,00;357,20;2,20;356,09;68,75;0,00;1,64
2959,68;1470,07;196,00;358,96;1,96;358,05;68,73;0,00;0,70
2960,60;1471,56;197,00;360,72;1,72;359,76;68,52;0,00;0,00
2961,52;1473,06;197,00;362,47;1,47;361,24;68,41;0,00;0,41
2962,44;1474,56;198,00;364,23;2,23;363,47;68,65;0,00;1,55
2962,44;1474,56;198,00;366,00;2,00;365,46;68,79;0,00;1,22
2964,29;1477,57;199,00;367,76;1,76;367,23;68,83;0,00;0,90
2965,21;1479,07;199,00;369,52;1,52;368,75;68,72;0,00;0,42
2966,13;1480,57;200,00;371,28;1,28;370,03;68,57;0,00;0,00
2967,05;1482,07;200,00;373,04;2,04;372,07;68,74;0,00;1,36
2967,97;1483,56;201,00;374,80;1,80;373,87;68,48;0,00;0,00
2968,89;1485,07;201,00;376,56;1,56;375,44;68,74;0,00;1,66
2969,81;1486,56;202,00;378,32;1,32;376,75;68,48;0,00;0,00
2969,81;1486,56;202,00;380,07;2,07;378,83;68,49;0,00;0,82
2971,65;1489,56;203,00;381,84;1,84;380,67;68,76;0,00;1,68
2972,57;1491,06;203,00;383,60;1,60;382,26;68,64;0,00;0,39
2973,49;1492,56;204,00;385,36;1,36;383,62;68,68;0,00;0,94
2974,42;1494,07;204,00;387,12;2,12;385,75;68,82;0,00;1,26
2975,34;1495,57;205,00;388,89;1,89;387,63;68,73;0,00;0,47
2976,26;1497,06;205,00;390,64;1,64;389,27;68,52;0,00;0,00
2977,18;1498,56;206,00;392,40;1,40;390,68;68,67;0,00;1,29
2978,10;1500,07;206,00;394,17;2,17;392,85;68,86;0,00;1,48
2978,10;1500,07;207,00;395,93;1,93;394,77;68,52;0,00;0,00
2979,95;1503,07;208,00;397,69;1,69;396,46;68,83;0,00;1,88
2980,87;1504,57;208,00;399,45;1,45;397,92;68,78;0,00;0,64
2981,79;1506,07;209,00;401,21;2,21;400,13;68,51;0,00;0,00
2982,71;1507,57;209,00;402,97;1,97;402,10;68,79;0,00;1,78
2983,63;1509,07;210,00;404,73;1,73;403,83;68,45;0,00;0,00
2984,55;1510,57;210,00;406,49;1,49;405,32;68,50;0,00;0,99
2985,47;1512,07;211,00;408,25;2,25;407,56;68,69;0,00;1,47
2986,39;1513,57;211,00;410,01;2,01;409,58;68,89;0,00;1,53
2987,31;1515,07;212,00;411,77;1,77;411,35;68,47;0,00;0,00
2988,24;1516,57;212,00;413,53;1,53;412,88;68,85;0,00;2,16
2989,16;1518,07;213,00;415,29;1,29;414,17;68,49;0,00;0,00
2990,08;1519,57;213,00;417,05;2,05;416,22;68,71;0,00;1,59
2991,00;1521,07;214,00;418,82;1,82;418,04;68,76;0,00;1,00
2991,92;1522,57;214,00;420,57;1,57;419,61;68,57;0,00;0,00
2991,92;1522,57;215,00;422,34;1,34;420,95;68,78;0,00;1,58
2993,76;1525,57;215,00;424,10;2,10;423,05;68,61;0,00;0,00
2994,68;1527,07;216,00;425,85;1,85;424,90;68,50;0,00;0,44
2995,61;1528,57;216,00;427,62;1,62;426,52;68,89;0,00;2,23
2996,53;1530,08;217,00;429,38;1,38;427,90;68,75;0,00;0,00
2997,45;1531,57;217,00;431,14;2,14;430,04;68,44;0,00;0,00
2998,37;1533,07;218,00;432,89;1,89;431,93;68,44;0,00;0,83
2999,29;1534,57;218,00;434,66;1,66;433,58;68,81;0,00;2,18
3000,21;1536,07;219,00;436,41;1,41;434,99;68,44;0,00;0,00
3001,14;1537,57;219,00;438,18;2,18;437,17;68,88;0,00;2,43
3002,07;1539,07;220,00;439,94;1,94;439,11;68,74;0,00;0,00
3003,00;1540,56;220,00;441,69;1,69;440,80;68,44;0,00;0,00
3003,93;1542,07;221,00;443,46;1,46;442,26;68,83;0,00;2,29
3004,86;1543,56;221,00;445,22;2,22;444,48;68,50;0,00;0,00
3005,79;1545,05;222,00;446,97;1,97;446,45;68,52;0,00;0,93
3006,72;1546,55;222,00;448,73;1,73;448,18;68,67;0,00;1,40
3007,65;1548,05;223,00;450,50;1,50;449,68;68,88;0,00;1,65
3008,58;1549,54;224,00;452,26;2,26;451,94;68,69;0,00;0,00
3009,52;1551,04;224,00;454,03;2,03;453,97;68,89;0,00;1,63
3010,45;1552,53;225,00;455,79;1,79;455,76;68,67;0,00;0,00
3011,38;1554,03;225,00;457,55;1,55;457,31;68,83;0,00;1,46
3012,31;1555,53;226,00;459,31;1,31;458,62;68,68;0,00;0,00
3013,24;1557,02;226,00;461,08;2,08;460,70;68,73;0,00;1,07
3014,18;1558,52;227,00;462,84;1,84;462,54;68,80;0,00;1,15
3015,11;1560,02;227,00;464,61;1,61;464,14;68,84;0,00;1,01
3016,04;1561,52;228,00;466,37;1,37;465,51;68,82;0,00;0,83
3016,98;1563,01;228,00;468,14;2,14;467,65;68,87;0,00;1,09
3017,91;1564,51;229,00;469,90;1,90;469,55;68,68;0,00;0,00
3017,91;1564,51;229,00;471,66;1,66;471,21;68,89;0,00;1,67
3018,84;1566,01;230,00;473,42;1,42;472,63;68,44;0,00;0,00
3019,77;1567,50;230,00;475,18;2,18;474,81;68,85;0,00;2,47
3021,63;1570,49;231,00;476,94;1,94;476,75;68,49;0,00;0,00
3022,56;1571,98;231,00;478,69;1,69;478,44;68,44;0,00;0,71
3023,49;1573,47;232,00;480,46;1,46;479,90;68,78;0,00;2,20
3024,42;1574,97;232,00;482,22;2,22;482,12;68,63;0,00;0,00
3025,35;1576,46;233,00;483,97;1,97;484,09;68,41;0,00;0,00
3026,28;1577,95;233,00;485,74;1,74;485,83;68,76;0,00;2,27
3027,21;1579,45;234,00;487,50;1,50;487,32;68,78;0,00;0,99
3028,14;1580,94;234,00;489,25;2,25;489,58;68,43;0,00;0,00
3029,07;1582,43;235,00;491,01;2,01;491,59;68,42;0,00;0,88
3030,00;1583,93;235,00;492,77;1,77;493,36;68,81;0,00;2,44
3030,93;1585,42;236,00;494,53;1,53;494,89;68,74;0,00;0,64
3031,86;1586,91;236,00;496,29;1,29;496,19;68,63;0,00;0,49
3032,79;1588,41;237,00;498,05;2,05;498,24;68,61;0,00;0,84
3033,73;1589,91;237,00;499,82;1,82;500,06;68,89;0,00;2,03
3034,66;1591,41;238,00;501,59;1,59;501,65;68,85;0,00;0,74
3035,59;1592,90;239,00;503,35;1,35;502,99;68,77;0,00;0,61
3036,53;1594,40;239,00;505,12;2,12;505,11;68,90;0,00;1,45
3037,45;1595,89;240,00;506,87;1,87;506,98;68,49;0,00;0,00
3038,38;1597,38;240,00;508,63;1,63;508,61;68,45;0,00;0,74
3039,33;1598,87;241,00;510,39;1,39;510,00;68,77;0,00;2,22
3040,27;1600,36;241,00;512,15;2,15;512,15;68,66;0,00;0,53
3041,22;1601,85;242,00;513,92;1,92;514,07;68,88;0,00;1,82
3042,17;1603,34;242,00;515,67;1,67;515,74;68,54;0,00;0,00
3043,11;1604,82;243,00;517,43;1,43;517,17;68,59;0,00;1,13
3044,06;1606,31;243,00;519,20;2,20;519,37;68,78;0,00;1,70
3045,00;1607,80;244,00;520,96;1,96;521,33;68,68;0,00;0,54
3045,95;1609,29;244,00;522,72;1,72;523,05;68,81;0,00;1,50
3046,90;1610,78;245,00;524,48;1,48;524,52;68,46;0,00;0,00
3047,85;1612,26;245,00;526,23;2,23;526,76;68,50;0,00;1,11
3048,81;1613,75;246,00;528,00;2,00;528,76;68,83;0,00;2,30
3049,77;1615,24;246,00;529,76;1,76;530,52;68,66;0,00;0,00
3050,72;1616,72;247,00;531,51;1,51;532,03;68,41;0,00;0,00
3051,70;1618,19;247,00;533,27;1,27;533,30;68,55;0,00;1,52
3052,70;1619,65;248,00;535,03;2,03;535,33;68,81;0,00;2,04
3053,70;1621,12;248,00;536,80;1,80;537,13;68,68;0,00;0,00
3054,70;1622,57;249,00;538,55;1,55;538,68;68,48;0,00;0,00
3055,70;1624,03;249,00;540,31;1,31;540,00;68,75;0,00;2,06
3055,70;1624,03;250,00;542,08;2,08;542,08;68,80;0,00;1,19
3057,70;1626,96;250,00;543,84;1,84;543,91;68,65;0,00;0,00
3058,80;1628,35;251,00;545,61;1,61;545,52;68,88;0,00;1,93
3059,90;1629,73;251,00;547,36;1,36;546,88;68,61;0,00;0,00
3059,90;1629,73;252,00;549,13;2,13;549,01;68,70;0,00;1,38
3062,10;1632,51;252,00;550,89;1,89;550,90;68,90;0,00;1,82
3063,21;1633,90;253,00;552,66;1,66;552,56;68,87;0,00;0,87
3064,30;1635,29;253,00;554,42;1,42;553,98;68,52;0,00;0,00
3065,42;1636,68;254,00;556,18;2,18;556,15;68,70;0,00;1,77
3066,53;1638,06;254,00;557,93;1,93;558,08;68,44;0,00;0,00
3067,64;1639,44;255,00;559,69;1,69;559,77;68,50;0,00;1,23
3068,74;1640,83;256,00;561,44;1,44;561,22;68,46;0,00;0,86
3069,85;1642,21;256,00;563,21;2,21;563,42;68,71;0,00;2,05
3070,96;1643,60;257,00;564,97;1,97;565,39;68,64;0,00;0,68
3072,16;1644,92;257,00;566,73;1,73;567,12;68,79;0,00;1,66
3073,34;1646,23;258,00;568,50;1,50;568,61;68,90;0,00;1,45
3074,52;1647,54;258,00;570,26;2,26;570,87;68,84;0,00;0,78
3074,52;1647,54;259,00;572,02;2,02;572,90;68,74;0,00;0,55
3076,86;1650,17;259,00;573,79;1,79;574,69;68,90;0,00;1,71
3078,03;1651,47;260,00;575,55;1,55;576,23;68,57;0,00;0,00
3079,20;1652,78;260,00;577,31;1,31;577,55;68,75;0,00;1,77
3080,37;1654,09;261,00;579,08;2,08;579,62;68,85;0,00;1,43
3081,54;1655,41;261,00;580,84;1,84;581,46;68,72;0,00;0,47
3082,70;1656,73;262,00;582,60;1,60;583,06;68,59;0,00;0,00
3083,86;1658,06;262,00;584,36;1,36;584,42;68,71;0,00;1,57
3085,02;1659,39;263,00;586,13;2,13;586,54;68,91;0,00;1,88
3086,18;1660,73;263,00;587,88;1,88;588,43;68,43;0,00;0,00
3087,36;1662,04;264,00;589,64;1,64;590,06;68,51;0,00;1,36
3088,53;1663,35;264,00;591,39;1,39;591,45;68,44;0,00;0,70
3089,71;1664,67;265,00;593,16;2,16;593,61;68,91;0,00;3,12
3090,89;1665,98;265,00;594,92;1,92;595,54;68,82;0,00;0,62
3092,07;1667,30;266,00;596,69;1,69;597,23;68,81;0,00;0,99
3092,07;1667,30;266,00;598,44;1,44;598,67;68,50;0,00;0,00
3094,41;1669,92;267,00;600,20;2,20;600,87;68,59;0,00;1,42
3095,59;1671,24;267,00;601,97;1,97;602,84;68,91;0,00;2,48
3095,59;1671,24;268,00;603,73;1,73;604,57;68,57;0,00;0,00
3097,94;1673,87;268,00;605,49;1,49;606,06;68,82;0,00;2,17
3099,13;1675,18;269,00;607,26;2,26;608,32;68,84;0,00;1,11
3100,35;1676,45;269,00;609,02;2,02;610,34;68,66;0,00;0,00
3101,57;1677,72;270,00;610,78;1,78;612,12;68,51;0,00;0,00
3102,79;1679,00;270,00;612,54;1,54;613,66;68,89;0,00;2,74
3104,02;1680,27;271,00;614,30;1,30;614,96;68,75;0,00;0,00
3105,24;1681,55;272,00;616,07;2,07;617,03;68,84;0,00;1,45
3106,45;1682,81;272,00;617,82;1,82;618,85;68,41;0,00;0,00
3107,68;1684,09;273,00;619,59;1,59;620,44;68,76;0,00;2,64
3108,90;1685,36;273,00;621,35;1,35;621,79;68,85;0,00;1,47
3110,12;1686,64;274,00;623,11;2,11;623,90;68,62;0,00;0,00
3111,34;1687,90;274,00;624,87;1,87;625,77;68,45;0,00;0,00
3112,56;1689,18;275,00;626,63;1,63;627,40;68,68;0,00;2,12
3113,77;1690,45;275,00;628,38;1,38;628,78;68,49;0,00;0,00
3114,99;1691,72;276,00;630,14;2,14;630,93;68,68;0,00;1,97
3116,21;1692,99;276,00;631,91;1,91;632,83;68,74;0,00;1,35
3117,43;1694,26;277,00;633,66;1,66;634,50;68,52;0,00;0,00
3118,65;1695,54;277,00;635,43;1,43;635,92;68,72;0,00;2,01
3119,90;1696,78;278,00;637,18;2,18;638,10;68,44;0,00;0,00
3121,17;1697,99;278,00;638,94;1,94;640,04;68,62;0,00;1,91
3122,44;1699,21;279,00;640,70;1,70;641,74;68,56;0,00;0,79
3123,72;1700,43;279,00;642,46;1,46;643,20;68,65;0,00;1,54
3124,99;1701,64;280,00;644,21;2,21;645,42;68,45;0,00;0,00
3126,27;1702,86;280,00;645,98;1,98;647,39;68,82;0,00;2,83
3126,27;1702,86;281,00;647,73;1,73;649,13;68,42;0,00;0,00
3128,82;1705,29;281,00;649,50;1,50;650,62;68,76;0,00;2,63
3130,09;1706,51;282,00;651,26;2,26;652,88;68,65;0,00;0,58
3131,37;1707,73;282,00;653,02;2,02;654,90;68,90;0,00;2,27
3132,64;1708,95;283,00;654,78;1,78;656,68;68,53;0,00;0,00
3132,64;1708,95;283,00;656,53;1,53;658,22;68,44;0,00;0,67
3135,19;1711,37;284,00;658,29;1,29;659,51;68,53;0,00;1,55
3136,47;1712,59;284,00;660,06;2,06;661,57;68,89;0,00;2,78
3137,74;1713,81;285,00;661,82;1,82;663,38;68,61;0,00;0,00
3139,02;1715,03;285,00;663,58;1,58;664,96;68,62;0,00;1,15
3140,29;1716,25;286,00;665,34;1,34;666,30;68,70;0,00;1,50
3141,57;1717,47;286,00;667,10;2,10;668,40;68,88;0,00;1,97
3142,85;1718,69;287,00;668,87;1,87;670,27;68,80;0,00;0,73
3144,12;1719,90;288,00;670,63;1,63;671,90;68,51;0,00;0,00
3145,40;1721,12;288,00;672,39;1,39;673,28;68,67;0,00;1,88
3146,67;1722,33;289,00;674,14;2,14;675,42;68,47;0,00;0,00
3147,94;1723,55;289,00;675,90;1,90;677,33;68,68;0,00;2,12
3149,22;1724,77;290,00;677,67;1,67;678,99;68,80;0,00;1,72
3149,22;1724,77;290,00;679,42;1,42;680,42;68,43;0,00;0,00
3151,77;1727,20;291,00;681,19;2,19;682,60;68,91;0,00;3,46
3153,05;1728,42;291,00;682,95;1,95;684,56;68,80;0,00;0,62
3154,27;1729,65;292,00;684,71;1,71;686,26;68,44;0,00;0,00
3155,47;1730,90;292,00;686,46;1,46;687,73;68,55;0,00;1,68
3156,66;1732,14;293,00;688,22;2,22;689,95;68,45;0,00;0,65
3157,85;1733,41;293,00;689,98;1,98;691,93;68,54;0,00;1,58
3157,85;1733,41;294,00;691,74;1,74;693,67;68,75;0,00;2,13
3160,25;1736,00;294,00;693,51;1,51;695,17;68,86;0,00;1,69
3161,45;1737,29;295,00;695,26;1,26;696,44;68,57;0,00;0,00
3162,64;1738,58;295,00;697,02;2,02;698,46;68,59;0,00;1,23
3163,84;1739,87;296,00;698,79;1,79;700,25;68,81;0,00;2,21
3165,03;1741,16;296,00;700,54;1,54;701,79;68,48;0,00;0,00
3166,23;1742,45;297,00;702,31;1,31;703,10;68,85;0,00;2,96
3167,43;1743,74;297,00;704,07;2,07;705,17;68,58;0,00;0,00
3168,63;1745,03;298,00;705,83;1,83;706,99;68,66;0,00;1,56
3169,82;1746,33;298,00;707,59;1,59;708,58;68,69;0,00;1,32
3171,02;1747,62;299,00;709,35;1,35;709,93;68,75;0,00;1,46
3172,22;1748,91;299,00;711,11;2,11;712,05;68,76;0,00;1,19
3173,42;1750,20;300,00;712,88;1,88;713,93;68,74;0,00;1,06
3174,62;1751,50;300,00;714,64;1,64;715,57;68,90;0,00;1,97
3175,81;1752,79;301,00;716,40;1,40;716,97;68,45;0,00;0,00
3177,01;1754,08;301,00;718,16;2,16;719,13;68,72;0,00;2,51
3178,20;1755,37;302,00;719,92;1,92;721,05;68,45;0,00;0,00
3179,40;1756,66;302,00;721,67;1,67;722,72;68,56;0,00;1,69
3180,60;1757,95;303,00;723,43;1,43;724,16;68,66;0,00;1,72
3181,80;1759,24;304,00;725,20;2,20;726,36;68,84;0,00;2,07
3182,99;1760,54;304,00;726,96;1,96;728,32;68,81;0,00;1,02
3184,19;1761,82;305,00;728,72;1,72;730,04;68,46;0,00;0,00
3185,38;1763,11;305,00;730,47;1,47;731,51;68,45;0,00;1,12
3186,58;1764,41;306,00;732,24;2,24;733,76;68,88;0,00;3,34
3187,77;1765,69;306,00;734,00;2,00;735,75;68,48;0,00;0,00
3188,97;1766,98;307,00;735,76;1,76;737,51;68,60;0,00;1,83
3190,17;1768,28;307,00;737,52;1,52;739,03;68,89;0,00;2,64
3191,36;1769,57;308,00;739,28;1,28;740,31;68,50;0,00;0,00
3192,56;1770,86;308,00;741,04;2,04;742,35;68,76;0,00;2,48
3193,69;1772,13;309,00;742,80;1,80;744,15;68,74;0,00;1,10
3194,83;1773,47;309,00;744,56;1,56;745,72;68,64;0,00;0,69
3195,98;1774,80;310,00;746,32;1,32;747,04;68,50;0,00;0,00
3197,13;1776,14;310,00;748,08;2,08;749,12;68,61;0,00;1,76
3198,28;1777,48;311,00;749,84;1,84;750,96;68,80;0,00;2,20
3199,42;1778,81;311,00;751,60;1,60;752,56;68,43;0,00;0,00
3200,58;1780,14;312,00;753,35;1,35;753,92;68,50;0,00;1,56
3201,74;1781,48;312,00;755,11;2,11;756,03;68,52;0,00;1,35
3202,91;1782,81;313,00;756,88;1,88;757,90;68,80;0,00;2,67
3204,04;1784,19;313,00;758,64;1,64;759,54;68,65;0,00;0,00
3205,05;1785,72;314,00;760,40;1,40;760,94;68,75;0,00;1,71
3205,80;1787,36;314,00;762,16;2,16;763,09;68,49;0,00;0,00
3206,33;1789,10;315,00;763,91;1,91;765,00;68,43;0,00;0,91
3206,92;1790,83;315,00;765,67;1,67;766,67;68,51;0,00;1,64
3208,11;1792,22;316,00;767,43;1,43;768,10;68,62;0,00;1,78
3209,34;1793,53;316,00;769,18;2,18;770,28;68,48;0,00;0,00
3210,68;1794,66;317,00;770,94;1,94;772,21;68,42;0,00;0,95
3212,02;1795,80;317,00;772,69;1,69;773,91;68,51;0,00;1,69
3213,36;1796,94;318,00;774,45;1,45;775,36;68,68;0,00;2,13
3214,69;1798,06;318,00;776,21;2,21;777,57;68,60;0,00;0,83
3216,01;1799,20;319,00;777,98;1,98;779,55;68,80;0,00;2,27
3217,35;1800,35;319,00;779,74;1,74;781,29;68,78;0,00;1,13
3218,68;1801,49;320,00;781,50;1,50;782,79;68,56;0,00;0,00
3220,01;1802,64;321,00;783,26;2,26;785,04;68,59;0,00;1,40
3221,35;1803,79;321,00;785,02;2,02;787,06;68,66;0,00;1,65
3222,68;1804,94;322,00;786,78;1,78;788,84;68,71;0,00;1,52
3224,01;1806,09;322,00;788,54;1,54;790,38;68,52;0,00;0,00
3225,35;1807,24;323,00;790,30;1,30;791,68;68,88;0,00;3,18
3226,68;1808,39;323,00;792,06;2,06;793,74;68,61;0,00;0,00
3228,01;1809,54;324,00;793,82;1,82;795,56;68,43;0,00;0,00
3228,01;1809,54;324,00;795,58;1,58;797,14;68,68;0,00;2,60
3230,69;1811,84;325,00;797,34;1,34;798,48;68,85;0,00;2,20
3232,02;1812,99;325,00;799,10;2,10;800,58;68,64;0,00;0,00
3233,36;1814,14;326,00;800,87;1,87;802,45;68,90;0,00;2,68
3234,69;1815,29;326,00;802,63;1,63;804,08;68,65;0,00;0,00
3236,02;1816,44;327,00;804,39;1,39;805,47;68,54;0,00;0,66
3237,36;1817,59;327,00;806,15;2,15;807,62;68,81;0,00;2,72
3238,69;1818,74;328,00;807,91;1,91;809,53;68,70;0,00;0,67
3240,03;1819,89;328,00;809,68;1,68;811,21;68,74;0,00;1,53
3241,36;1821,04;329,00;811,43;1,43;812,64;68,52;0,00;0,00
3242,70;1822,19;329,00;813,20;2,20;814,84;68,86;0,00;3,16
3244,03;1823,34;330,00;814,96;1,96;816,80;68,80;0,00;0,91
3245,37;1824,49;330,00;816,72;1,72;818,52;68,70;0,00;0,75
3246,70;1825,64;331,00;818,48;1,48;820,00;68,44;0,00;0,00
3248,03;1826,78;331,00;820,24;2,24;822,24;68,52;0,00;1,76
3248,03;1826,78;332,00;821,99;1,99;824,23;68,56;0,00;1,48
3250,69;1829,08;332,00;823,75;1,75;825,98;68,45;0,00;0,69
3252,02;1830,22;333,00;825,50;1,50;827,48;68,46;0,00;1,33
3253,35;1831,37;333,00;827,27;1,27;828,75;68,69;0,00;2,58
3254,69;1832,52;334,00;829,03;2,03;830,77;68,72;0,00;1,46
3256,02;1833,67;334,00;830,79;1,79;832,56;68,79;0,00;1,66
3257,36;1834,82;335,00;832,55;1,55;834,12;68,65;0,00;0,00
3258,70;1835,98;335,00;834,32;1,32;835,43;68,89;0,00;2,63
3260,03;1837,12;336,00;836,08;2,08;837,51;68,61;0,00;0,00
3261,37;1838,28;337,00;837,84;1,84;839,35;68,79;0,00;2,31
3262,70;1839,43;337,00;839,60;1,60;840,96;68,74;0,00;1,05
3264,04;1840,58;338,00;841,37;1,37;842,32;68,78;0,00;1,56
3265,37;1841,73;338,00;843,13;2,13;844,45;68,78;0,00;1,27
3266,71;1842,88;339,00;844,89;1,89;846,34;68,65;0,00;0,62
3268,04;1844,02;339,00;846,65;1,65;847,99;68,44;0,00;0,00
3269,37;1845,17;340,00;848,40;1,40;849,39;68,47;0,00;1,46
3270,70;1846,32;340,00;850,17;2,17;851,56;68,84;0,00;3,43
3270,70;1846,32;341,00;851,93;1,93;853,48;68,58;0,00;0,00
3272,03;1847,47;341,00;853,69;1,69;855,17;68,65;0,00;1,70
3274,71;1849,77;342,00;855,45;1,45;856,62;68,85;0,00;2,46
3276,04;1850,92;342,00;857,21;2,21;858,83;68,66;0,00;0,00
3277,38;1852,07;343,00;858,98;1,98;860,81;68,79;0,00;2,09
3278,71;1853,22;343,00;860,73;1,73;862,54;68,61;0,00;0,00
3280,04;1854,37;344,00;862,49;1,49;864,03;68,43;0,00;0,00
3281,37;1855,52;344,00;864,25;2,25;866,28;68,77;0,00;3,26
3282,71;1856,67;345,00;866,02;2,02;868,30;68,85;0,00;1,81
3284,05;1857,82;345,00;867,78;1,78;870,08;68,90;0,00;1,59
3285,38;1858,97;346,00;869,54;1,54;871,62;68,45;0,00;0,00
3286,71;1860,12;346,00;871,30;1,30;872,92;68,56;0,00;1,96
3288,04;1861,27;347,00;873,06;2,06;874,98;68,68;0,00;2,04
3289,38;1862,42;347,00;874,82;1,82;876,80;68,84;0,00;2,30
3290,72;1863,57;348,00;876,58;1,58;878,39;68,67;0,00;0,00
3292,05;1864,72;348,00;878,34;1,34;879,73;68,63;0,00;1,11
3293,38;1865,86;349,00;880,10;2,10;881,83;68,57;0,00;1,02
3294,71;1867,01;349,00;881,86;1,86;883,69;68,67;0,00;1,97
3296,05;1868,16;350,00;883,63;1,63;885,32;68,78;0,00;1,99
3297,38;1869,31;350,00;885,38;1,38;886,70;68,42;0,00;0,00
3298,72;1870,46;351,00;887,14;2,14;888,85;68,78;0,00;3,41
3298,72;1870,46;351,00;888,90;1,90;890,75;68,66;0,00;0,68
3301,38;1872,76;352,00;890,66;1,66;892,41;68,41;0,00;0,00
3302,71;1873,91;353,00;892,42;1,42;893,83;68,71;0,00;3,08
3304,05;1875,06;353,00;894,18;2,18;896,02;68,75;0,00;1,62
3305,38;1876,20;354,00;895,94;1,94;897,96;68,53;0,00;0,00
3306,71;1877,35;354,00;897,70;1,70;899,65;68,47;0,00;1,06
3308,04;1878,50;355,00;899,46;1,46;901,11;68,69;0,00;2,69
3308,04;1878,50;355,00;901,22;2,22;903,33;68,66;0,00;1,15
3310,71;1880,80;356,00;902,97;1,97;905,30;68,49;0,00;0,00
3312,04;1881,94;356,00;904,73;1,73;907,03;68,45;0,00;1,19
3313,37;1883,09;357,00;906,49;1,49;908,52;68,58;0,00;2,12
3314,71;1884,24;357,00;908,25;2,25;910,77;68,78;0,00;2,60
3316,04;1885,39;358,00;910,01;2,01;912,78;68,59;0,00;0,00
3317,37;1886,54;358,00;911,77;1,77;914,56;68,81;0,00;2,66
3318,71;1887,69;359,00;913,54;1,54;916,09;68,75;0,00;1,02
3320,04;1888,84;359,00;915,30;1,30;917,39;68,74;0,00;1,35
3321,38;1889,99;360,00;917,06;2,06;919,45;68,60;0,00;0,00
3322,71;1891,14;360,00;918,82;1,82;921,27;68,69;0,00;1,95
3324,05;1892,29;361,00;920,59;1,59;922,86;68,85;0,00;2,36
3325,39;1893,44;361,00;922,35;1,35;924,21;68,89;0,00;1,63
3326,72;1894,59;362,00;924,11;2,11;926,32;68,60;0,00;0,00
3326,72;1894,59;362,00;925,87;1,87;928,19;68,68;0,00;1,85
3329,38;1896,89;363,00;927,63;1,63;929,82;68,45;0,00;0,00
3330,72;1898,04;363,00;929,39;1,39;931,21;68,74;0,00;3,13
3332,06;1899,19;364,00;931,15;2,15;933,36;68,80;0,00;1,80
3333,39;1900,34;364,00;932,91;1,91;935,27;68,43;0,00;0,00
3334,72;1901,49;365,00;934,67;1,67;936,94;68,82;0,00;3,80
3336,05;1902,63;365,00;936,43;1,43;938,37;68,42;0,00;0,00
3337,39;1903,79;366,00;938,19;2,19;940,56;68,86;0,00;4,12
3338,72;1904,94;366,00;939,95;1,95;942,52;68,64;0,00;0,00
3340,06;1906,09;367,00;941,72;1,72;944,24;68,85;0,00;2,74
3341,39;1907,24;367,00;943,48;1,48;945,72;68,84;0,00;1,35
3342,87;1908,27;368,00;945,25;2,25;947,97;68,91;0,00;1,85
3344,39;1909,25;369,00;947,01;2,01;949,98;68,53;0,00;0,00
3346,07;1909,87;369,00;948,77;1,77;951,75;68,86;0,00;3,48
3347,83;1910,31;370,00;950,53;1,53;953,28;68,47;0,00;0,00
3349,60;1910,68;370,00;952,28;1,28;954,56;68,42;0,00;1,15
3351,26;1911,38;371,00;954,04;2,04;956,60;68,72;0,00;3,27
3352,88;1912,19;371,00;955,81;1,81;958,41;68,69;0,00;1,30
3354,39;1913,12;372,00;957,56;1,56;959,98;68,58;0,00;0,78
3355,84;1914,10;372,00;959,32;1,32;961,30;68,52;0,00;1,07
3357,30;1915,09;373,00;961,08;2,08;963,38;68,67;0,00;2,34
3358,76;1916,07;373,00;962,84;1,84;965,22;68,64;0,00;1,31
3360,22;1917,06;374,00;964,61;1,61;966,83;68,77;0,00;2,23
3361,68;1918,05;374,00;966,36;1,36;968,19;68,49;0,00;0,00
3363,13;1919,03;375,00;968,13;2,13;970,32;68,83;0,00;3,61
3364,59;1920,01;375,00;969,88;1,88;972,20;68,44;0,00;0,00
3366,05;1920,99;376,00;971,64;1,64;973,84;68,57;0,00;2,28
3367,50;1921,98;376,00;973,40;1,40;975,24;68,56;0,00;1,40
3368,96;1922,96;377,00;975,16;2,16;977,39;68,60;0,00;1,70
3370,42;1923,95;377,00;976,92;1,92;979,31;68,67;0,00;1,92
3371,88;1924,93;378,00;978,67;1,67;980,98;68,44;0,00;0,00
3373,34;1925,92;378,00;980,44;1,44;982,42;68,82;0,00;3,88
3374,80;1926,90;379,00;982,20;2,20;984,62;68,62;0,00;0,00
3376,25;1927,89;379,00;983,96;1,96;986,57;68,62;0,00;1,50
3377,71;1928,87;380,00;985,71;1,71;988,29;68,58;0,00;1,20
3379,17;1929,85;380,00;987,47;1,47;989,76;68,55;0,00;1,33
3380,63;1930,84;381,00;989,24;2,24;992,00;68,78;0,00;2,91
3382,09;1931,83;381,00;991,00;2,00;993,99;68,71;0,00;1,06
3383,55;1932,81;382,00;992,76;1,76;995,76;68,85;0,00;2,38
3385,01;1933,80;382,00;994,52;1,52;997,28;68,52;0,00;0,00
3386,46;1934,78;383,00;996,27;1,27;998,55;68,41;0,00;0,78
3387,92;1935,76;383,00;998,03;2,03;1000,59;68,64;0,00;2,96
3389,38;1936,75;384,00;999,80;1,80;1002,38;68,68;0,00;1,74
3389,38;1936,75;385,00;1001,56;1,56;1003,94;68,66;0,00;1,34
3392,30;1938,72;385,00;1003,32;1,32;1005,26;68,79;0,00;2,36
3393,76;1939,71;386,00;1005,08;2,08;1007,34;68,57;0,00;0,00
3395,22;1940,69;386,00;1006,83;1,83;1009,17;68,47;0,00;0,84
3396,68;1941,67;387,00;1008,59;1,59;1010,76;68,62;0,00;2,47
3398,13;1942,66;387,00;1010,35;1,35;1012,11;68,43;0,00;0,00
3399,59;1943,64;388,00;1012,11;2,11;1014,22;68,70;0,00;3,21
3401,04;1944,62;388,00;1013,86;1,86;1016,08;68,41;0,00;0,00
3402,50;1945,61;389,00;1015,62;1,62;1017,71;68,63;0,00;2,93
3403,97;1946,60;389,00;1017,39;1,39;1019,10;68,91;0,00;3,31
3405,42;1947,58;390,00;1019,15;2,15;1021,24;68,60;0,00;0,00
3406,88;1948,56;390,00;1020,91;1,91;1023,15;68,58;0,00;1,37
3408,34;1949,55;391,00;1022,66;1,66;1024,82;68,50;0,00;0,98
3409,79;1950,53;391,00;1024,42;1,42;1026,23;68,47;0,00;1,37
3411,26;1951,52;392,00;1026,18;2,18;1028,42;68,82;0,00;3,80
3412,71;1952,50;392,00;1027,94;1,94;1030,36;68,59;0,00;0,00
3414,17;1953,48;393,00;1029,70;1,70;1032,06;68,46;0,00;0,74
3415,63;1954,47;393,00;1031,46;1,46;1033,52;68,60;0,00;2,38
3415,63;1954,47;394,00;1033,21;2,21;1035,73;68,50;0,00;0,88
3418,54;1956,44;394,00;1034,98;1,98;1037,71;68,71;0,00;2,92
3420,00;1957,42;395,00;1036,74;1,74;1039,44;68,71;0,00;1,52
3421,46;1958,41;395,00;1038,50;1,50;1040,94;68,64;0,00;1,10
3422,92;1959,39;396,00;1040,26;2,26;1043,20;68,67;0,00;1,70
3422,92;1959,39;396,00;1042,02;2,02;1045,22;68,71;0,00;1,80
3425,84;1961,36;397,00;1043,77;1,77;1046,99;68,41;0,00;0,00
3427,30;1962,35;397,00;1045,54;1,54;1048,53;68,85;0,00;4,43
3428,67;1963,28;398,00;1047,30;1,30;1049,83;68,51;0,00;0,00
3430,13;1964,26;398,00;1049,05;2,05;1051,88;68,59;0,00;2,03
3431,58;1965,24;399,00;1050,81;1,81;1053,69;68,42;0,00;0,00
3433,03;1966,22;399,00;1052,57;1,57;1055,26;68,59;0,00;2,72
3434,50;1967,21;400,00;1054,33;1,33;1056,59;68,91;0,00;3,64
3435,96;1968,20;401,00;1056,10;2,10;1058,69;68,71;0,00;0,00
3437,42;1969,18;401,00;1057,86;1,86;1060,55;68,82;0,00;2,30
3438,88;1970,17;402,00;1059,62;1,62;1062,17;68,67;0,00;0,00
3440,34;1971,15;402,00;1061,38;1,38;1063,55;68,41;0,00;0,00
3441,80;1972,14;403,00;1063,14;2,14;1065,69;68,81;0,00;4,22
3443,26;1973,12;403,00;1064,90;1,90;1067,58;68,50;0,00;0,00
3444,72;1974,11;404,00;1066,66;1,66;1069,24;68,76;0,00;3,28
3446,18;1975,10;404,00;1068,42;1,42;1070,66;68,66;0,00;0,93
3447,64;1976,08;405,00;1070,18;2,18;1072,84;68,70;0,00;1,80
3449,10;1977,07;405,00;1071,95;1,95;1074,79;68,88;0,00;2,83
3450,49;1978,00;406,00;1073,71;1,71;1076,51;68,90;0,00;1,70
3451,95;1978,99;406,00;1075,48;1,48;1077,98;68,67;0,00;0,00
3453,40;1979,97;407,00;1077,23;2,23;1080,22;68,60;0,00;1,14
3453,40;1979,97;407,00;1078,99;1,99;1082,21;68,42;0,00;0,00
3456,31;1981,94;408,00;1080,75;1,75;1083,95;68,53;0,00;2,35
3457,77;1982,92;408,00;1082,50;1,50;1085,45;68,49;0,00;1,33
3459,23;1983,91;409,00;1084,27;1,27;1086,72;68,78;0,00;3,53
3460,69;1984,89;409,00;1086,03;2,03;1088,75;68,64;0,00;0,00
3462,14;1985,88;410,00;1087,78;1,78;1090,53;68,52;0,00;0,83
3463,61;1986,86;410,00;1089,55;1,55;1092,07;68,81;0,00;3,52
3465,06;1987,85;411,00;1091,31;1,31;1093,38;68,57;0,00;0,00
3466,53;1988,84;411,00;1093,07;2,07;1095,45;68,84;0,00;3,38
3467,98;1989,82;412,00;1094,82;1,82;1097,27;68,41;0,00;0,00
3469,44;1990,80;412,00;1096,58;1,58;1098,86;68,55;0,00;2,53
3470,90;1991,79;413,00;1098,35;1,35;1100,20;68,82;0,00;3,41
3472,36;1992,78;413,00;1100,11;2,11;1102,31;68,74;0,00;1,11
3473,82;1993,76;414,00;1101,87;1,87;1104,18;68,64;0,00;0,90
3475,28;1994,74;414,00;1103,63;1,63;1105,81;68,57;0,00;1,10
3476,74;1995,73;415,00;1105,39;1,39;1107,20;68,78;0,00;3,07
3478,19;1996,71;415,00;1107,15;2,15;1109,35;68,52;0,00;0,00
3479,65;1997,70;416,00;1108,91;1,91;1111,26;68,75;0,00;3,14
3481,12;1998,69;417,00;1110,67;1,67;1112,93;68,79;0,00;1,90
3482,58;1999,67;417,00;1112,44;1,44;1114,37;68,70;0,00;0,99
3484,04;2000,66;418,00;1114,20;2,20;1116,57;68,89;0,00;2,95
3485,50;2001,65;418,00;1115,96;1,96;1118,53;68,53;0,00;0,00
3486,95;2002,63;419,00;1117,72;1,72;1120,25;68,56;0,00;1,86
3488,41;2003,62;419,00;1119,48;1,48;1121,73;68,76;0,00;2,99
3489,87;2004,60;420,00;1121,24;2,24;1123,97;68,75;0,00;1,59
3491,33;2005,59;420,00;1123,01;2,01;1125,98;68,72;0,00;1,40
3492,79;2006,57;421,00;1124,76;1,76;1127,74;68,58;0,00;0,00
3494,25;2007,56;421,00;1126,52;1,52;1129,26;68,55;0,00;1,45
3495,71;2008,54;422,00;1128,28;1,28;1130,55;68,77;0,00;3,14
3497,17;2009,53;422,00;1130,05;2,05;1132,60;68,84;0,00;2,17
3498,63;2010,52;423,00;1131,81;1,81;1134,41;68,72;0,00;0,79
3500,09;2011,50;423,00;1133,58;1,58;1135,99;68,78;0,00;2,03
3501,55;2012,49;424,00;1135,33;1,33;1137,32;68,42;0,00;0,00
3503,01;2013,47;424,00;1137,09;2,09;1139,41;68,73;0,00;3,86
3504,47;2014,46;425,00;1138,86;1,86;1141,27;68,86;0,00;2,53
3505,93;2015,44;425,00;1140,62;1,62;1142,88;68,60;0,00;0,00
3507,39;2016,43;426,00;1142,38;1,38;1144,26;68,66;0,00;2,06
3507,39;2016,43;426,00;1144,14;2,14;1146,40;68,87;0,00;3,12
3510,32;2018,41;427,00;1145,91;1,91;1148,31;68,87;0,00;1,66
3511,78;2019,39;427,00;1147,67;1,67;1149,98;68,72;0,00;0,00
3513,23;2020,37;428,00;1149,43;1,43;1151,41;68,43;0,00;0,00
3514,69;2021,36;428,00;1151,18;2,18;1153,59;68,44;0,00;1,75
3516,14;2022,34;429,00;1152,94;1,94;1155,52;68,53;0,00;2,24
3517,60;2023,32;429,00;1154,69;1,69;1157,22;68,51;0,00;1,59
3517,60;2023,32;430,00;1156,45;1,45;1158,67;68,60;0,00;2,30
3520,51;2025,28;430,00;1158,21;2,21;1160,88;68,45;0,00;0,00
3521,97;2026,27;431,00;1159,97;1,97;1162,85;68,61;0,00;2,80
3523,43;2027,25;431,00;1161,73;1,73;1164,58;68,63;0,00;1,82
3524,88;2028,24;432,00;1163,49;1,49;1166,06;68,57;0,00;1,22
3526,34;2029,22;433,00;1165,24;2,24;1168,30;68,55;0,00;1,54
3527,80;2030,20;433,00;1167,00;2,00;1170,31;68,55;0,00;1,68
3529,25;2031,19;434,00;1168,76;1,76;1172,07;68,61;0,00;2,15
3530,72;2032,17;434,00;1170,53;1,53;1173,59;68,84;0,00;3,35
3532,17;2033,16;435,00;1172,28;1,28;1174,87;68,49;0,00;0,00
3533,63;2034,15;435,00;1174,05;2,05;1176,92;68,81;0,00;3,97
3533,63;2034,15;436,00;1175,80;1,80;1178,72;68,41;0,00;0,00
3536,55;2036,12;436,00;1177,57;1,57;1180,28;68,85;0,00;4,85
3538,00;2037,10;437,00;1179,32;1,32;1181,61;68,47;0,00;0,00
3539,46;2038,09;437,00;1181,08;2,08;1183,69;68,61;0,00;2,72
3540,92;2039,07;438,00;1182,84;1,84;1185,53;68,72;0,00;2,43
3542,38;2040,06;438,00;1184,60;1,60;1187,13;68,44;0,00;0,00
3543,84;2041,04;439,00;1186,36;1,36;1188,49;68,74;0,00;3,84
3545,29;2042,02;439,00;1188,11;2,11;1190,60;68,43;0,00;0,00
3546,75;2043,01;440,00;1189,87;1,87;1192,47;68,59;0,00;2,87
3548,21;2043,99;440,00;1191,63;1,63;1194,10;68,50;0,00;1,00
3548,21;2043,99;441,00;1193,39;1,39;1195,49;68,70;0,00;3,18
3551,12;2045,96;441,00;1195,15;2,15;1197,64;68,41;0,00;0,00
3552,58;2046,95;442,00;1196,91;1,91;1199,55;68,74;0,00;4,13
3554,04;2047,93;442,00;1198,67;1,67;1201,21;68,60;0,00;0,00
3555,49;2048,91;443,00;1200,42;1,42;1202,64;68,42;0,00;0,00
3556,95;2049,90;443,00;1202,18;2,18;1204,82;68,62;0,00;3,21
3558,41;2050,88;444,00;1203,95;1,95;1206,76;68,90;0,00;3,79
3559,88;2051,87;444,00;1205,71;1,71;1208,48;68,88;0,00;1,57
3561,34;2052,86;445,00;1207,48;1,48;1209,95;68,74;0,00;0,00
3562,80;2053,85;445,00;1209,24;2,24;1212,19;68,87;0,00;2,74
3564,26;2054,83;446,00;1211,01;2,01;1214,20;68,78;0,00;1,04
3565,72;2055,82;446,00;1212,76;1,76;1215,96;68,47;0,00;0,00
3567,18;2056,80;447,00;1214,53;1,53;1217,49;68,84;0,00;4,48
3568,64;2057,79;447,00;1216,29;1,29;1218,78;68,86;0,00;1,88
3570,10;2058,77;448,00;1218,05;2,05;1220,82;68,44;0,00;0,00
3570,10;2058,77;449,00;1219,80;1,80;1222,63;68,44;0,00;1,68
3573,01;2060,74;449,00;1221,56;1,56;1224,19;68,63;0,00;3,17
3574,47;2061,73;450,00;1223,32;1,32;1225,51;68,57;0,00;1,28
3575,92;2062,71;450,00;1225,08;2,08;1227,58;68,54;0,00;1,56
3577,39;2063,70;451,00;1226,84;1,84;1229,42;68,81;0,00;3,72
3578,85;2064,69;451,00;1228,61;1,61;1231,03;68,91;0,00;2,53
3578,85;2064,69;452,00;1230,37;1,37;1232,40;68,57;0,00;0,00
3581,77;2066,65;452,00;1232,13;2,13;1234,53;68,70;0,00;2,77
3581,77;2066,65;453,00;1233,89;1,89;1236,42;68,80;0,00;2,50
3584,69;2068,63;453,00;1235,65;1,65;1238,07;68,61;0,00;0,00
3586,15;2069,61;454,00;1237,41;1,41;1239,48;68,70;0,00;2,49
3587,61;2070,60;454,00;1239,17;2,17;1241,65;68,70;0,00;1,76
3589,06;2071,58;455,00;1240,93;1,93;1243,58;68,45;0,00;0,00
3590,52;2072,56;455,00;1242,68;1,68;1245,27;68,46;0,00;1,89
3591,98;2073,55;456,00;1244,45;1,45;1246,72;68,78;0,00;4,18
3593,43;2074,53;456,00;1246,21;2,21;1248,92;68,58;0,00;0,00
3593,43;2074,53;457,00;1247,97;1,97;1250,89;68,70;0,00;2,71
3596,36;2076,51;457,00;1249,73;1,73;1252,62;68,81;0,00;2,56
3597,82;2077,49;458,00;1251,50;1,50;1254,12;68,79;0,00;1,62
3599,28;2078,48;458,00;1253,25;2,25;1256,38;68,57;0,00;0,00
3600,73;2079,46;459,00;1255,01;2,01;1258,39;68,59;0,00;1,99
3602,19;2080,45;459,00;1256,77;1,77;1260,16;68,68;0,00;2,45
3603,65;2081,43;460,00;1258,54;1,54;1261,70;68,80;0,00;2,67
3605,11;2082,42;460,00;1260,30;1,30;1263,00;68,56;0,00;0,00
3606,57;2083,40;461,00;1262,06;2,06;1265,06;68,72;0,00;3,00
3608,03;2084,39;461,00;1263,81;1,81;1266,87;68,41;0,00;0,00
3609,49;2085,37;462,00;1265,58;1,58;1268,45;68,81;0,00;4,83
3610,95;2086,35;463,00;1267,34;1,34;1269,78;68,59;0,00;0,00
3610,95;2086,35;463,00;1269,10;2,10;1271,88;68,70;0,00;2,64
3613,86;2088,33;464,00;1270,86;1,86;1273,74;68,69;0,00;1,77
3615,32;2089,31;464,00;1272,62;1,62;1275,36;68,79;0,00;2,57
3616,79;2090,30;465,00;1274,39;1,39;1276,74;68,77;0,00;1,66
3618,24;2091,29;465,00;1276,15;2,15;1278,89;68,63;0,00;0,00
3618,24;2091,29;466,00;1277,91;1,91;1280,80;68,91;0,00;3,94
3621,16;2093,26;466,00;1279,67;1,67;1282,47;68,47;0,00;0,00
3622,62;2094,24;467,00;1281,43;1,43;1283,89;68,55;0,00;2,44
3624,08;2095,23;467,00;1283,19;2,19;1286,08;68,68;0,00;2,80
3625,54;2096,21;468,00;1284,95;1,95;1288,03;68,65;0,00;1,61
3627,00;2097,20;468,00;1286,71;1,71;1289,74;68,72;0,00;2,32
3628,45;2098,18;469,00;1288,47;1,47;1291,20;68,56;0,00;0,00
3629,91;2099,16;469,00;1290,22;2,22;1293,43;68,50;0,00;1,38
3631,37;2100,15;470,00;1291,99;1,99;1295,41;68,81;0,00;4,24
3632,83;2101,14;470,00;1293,75;1,75;1297,16;68,75;0,00;1,36
3632,83;2101,14;471,00;1295,51;1,51;1298,67;68,56;0,00;0,00
3635,76;2103,11;471,00;1297,27;1,27;1299,95;68,90;0,00;4,51
3635,76;2103,11;472,00;1299,04;2,04;1301,99;68,89;0,00;1,75
3638,60;2105,03;472,00;1300,80;1,80;1303,79;68,49;0,00;0,00
3640,09;2106,03;473,00;1302,56;1,56;1305,35;68,78;0,00;4,10
3641,57;2107,04;473,00;1304,32;1,32;1306,66;68,56;0,00;0,00
3643,06;2108,04;474,00;1306,08;2,08;1308,74;68,60;0,00;2,17
3644,54;2109,04;474,00;1307,83;1,83;1310,57;68,42;0,00;0,00
3646,04;2110,05;475,00;1309,60;1,60;1312,17;68,85;0,00;5,18
3647,52;2111,05;475,00;1311,35;1,35;1313,52;68,48;0,00;0,00
3649,01;2112,06;476,00;1313,12;2,12;1315,64;68,91;0,00;5,21
3650,50;2113,06;476,00;1314,88;1,88;1317,52;68,45;0,00;0,00
3651,98;2114,06;477,00;1316,63;1,63;1319,15;68,45;0,00;1,89
3653,47;2115,06;477,00;1318,40;1,40;1320,54;68,83;0,00;4,84
3655,14;2115,72;478,00;1320,15;2,15;1322,70;68,49;0,00;0,00
3656,81;2116,36;479,00;1321,91;1,91;1324,61;68,61;0,00;2,79
3658,49;2117,01;479,00;1323,67;1,67;1326,28;68,74;0,00;2,90
3660,16;2117,65;480,00;1325,43;1,43;1327,71;68,47;0,00;0,00
3661,83;2118,29;480,00;1327,18;2,18;1329,89;68,43;0,00;1,55
3663,51;2118,93;481,00;1328,95;1,95;1331,84;68,82;0,00;5,01
3665,22;2119,46;481,00;1330,71;1,71;1333,55;68,60;0,00;0,00
3666,98;2119,77;482,00;1332,46;1,46;1335,01;68,42;0,00;0,00
3668,75;2120,08;482,00;1334,22;2,22;1337,23;68,77;0,00;4,63
3668,75;2120,08;483,00;1335,99;1,99;1339,22;68,87;0,00;2,67
3672,30;2120,74;483,00;1337,75;1,75;1340,97;68,59;0,00;0,00
3674,07;2121,08;484,00;1339,51;1,51;1342,48;68,64;0,00;2,31
3674,07;2121,08;484,00;1341,28;1,28;1343,76;68,87;0,00;3,70
3677,67;2121,40;485,00;1343,04;2,04;1345,79;68,69;0,00;0,00
3679,46;2121,47;485,00;1344,79;1,79;1347,58;68,45;0,00;0,00
3681,23;2121,50;486,00;1346,56;1,56;1349,14;68,89;0,00;5,38
3682,99;2121,54;486,00;1348,32;1,32;1350,46;68,78;0,00;1,03
3684,75;2121,57;487,00;1350,09;2,09;1352,55;68,79;0,00;1,99
3686,51;2121,61;487,00;1351,84;1,84;1354,39;68,41;0,00;0,00
3688,27;2121,64;488,00;1353,60;1,60;1355,99;68,66;0,00;3,94
3690,03;2121,67;488,00;1355,36;1,36;1357,34;68,59;0,00;1,32
3691,79;2121,71;489,00;1357,12;2,12;1359,47;68,81;0,00;3,70
3693,55;2121,74;489,00;1358,88;1,88;1361,35;68,62;0,00;0,00
3693,55;2121,74;490,00;1360,64;1,64;1362,99;68,70;0,00;2,54
3697,07;2121,81;490,00;1362,41;1,41;1364,40;68,80;0,00;2,70
3698,83;2121,85;491,00;1364,17;2,17;1366,57;68,54;0,00;0,00
3700,60;2121,88;491,00;1365,93;1,93;1368,50;68,88;0,00;4,62
3700,60;2121,88;492,00;1367,69;1,69;1370,19;68,63;0,00;0,00
3704,12;2121,95;492,00;1369,46;1,46;1371,65;68,82;0,00;3,50
3705,88;2121,98;493,00;1371,21;2,21;1373,86;68,52;0,00;0,00
3707,64;2122,02;494,00;1372,97;1,97;1375,83;68,66;0,00;3,09
3709,39;2122,05;494,00;1374,73;1,73;1377,56;68,56;0,00;1,13
3711,16;2122,09;495,00;1376,50;1,50;1379,06;68,79;0,00;3,75
3712,92;2122,12;495,00;1378,25;2,25;1381,31;68,62;0,00;0,00
3714,68;2122,16;496,00;1380,02;2,02;1383,33;68,79;0,00;3,36
3716,44;2122,19;496,00;1381,78;1,78;1385,11;68,51;0,00;0,00
3718,20;2122,23;497,00;1383,54;1,54;1386,65;68,88;0,00;5,00
3719,96;2122,26;497,00;1385,30;1,30;1387,94;68,51;0,00;0,00
3721,71;2122,30;498,00;1387,05;2,05;1390,00;68,45;0,00;1,43
3723,47;2122,33;498,00;1388,81;1,81;1391,81;68,50;0,00;2,36
3725,22;2122,36;499,00;1390,56;1,56;1393,37;68,46;0,00;1,53
3726,98;2122,40;499,00;1392,32;1,32;1394,69;68,46;0,00;1,93
3728,73;2122,43;500,00;1394,07;2,07;1396,77;68,44;0,00;1,78
3730,49;2122,47;500,00;1395,83;1,83;1398,60;68,43;0,00;1,89
3732,25;2122,50;501,00;1397,59;1,59;1400,19;68,63;0,00;3,61
3734,01;2122,54;501,00;1399,35;1,35;1401,54;68,77;0,00;3,05
3735,77;2122,57;502,00;1401,11;2,11;1403,65;68,49;0,00;0,00
3737,52;2122,61;502,00;1402,87;1,87;1405,52;68,58;0,00;2,65
3739,28;2122,64;503,00;1404,62;1,62;1407,14;68,49;0,00;1,23
3740,98;2125,87;503,00;1406,38;1,38;1408,52;68,56;0,00;2,52
3742,74;2125,91;504,00;1408,15;2,15;1410,67;68,82;0,00;4,18
3742,74;2125,91;504,00;1409,90;1,90;1412,57;68,43;0,00;0,00
3746,26;2125,98;505,00;1411,67;1,67;1414,23;68,86;0,00;5,51
3748,02;2126,01;505,00;1413,43;1,43;1415,66;68,75;0,00;1,06
3749,79;2126,05;506,00;1415,19;2,19;1417,86;68,80;0,00;2,43
3751,55;2126,08;506,00;1416,96;1,96;1419,81;68,87;0,00;2,50
3753,31;2126,12;507,00;1418,72;1,72;1421,53;68,63;0,00;0,00
3755,08;2126,15;507,00;1420,49;1,49;1423,02;68,89;0,00;4,14
3756,84;2126,18;508,00;1422,25;2,25;1425,27;68,80;0,00;1,22
3756,84;2126,18;508,00;1424,01;2,01;1427,28;68,63;0,00;0,00
3760,36;2126,25;509,00;1425,77;1,77;1429,05;68,72;0,00;2,73
3762,13;2126,29;510,00;1427,54;1,54;1430,59;68,81;0,00;2,74
3763,78;2126,35;510,00;1429,29;1,29;1431,88;68,44;0,00;0,00
3765,44;2126,41;511,00;1431,05;2,05;1433,93;68,68;0,00;4,06
3767,09;2126,56;511,00;1432,82;1,82;1435,74;68,84;0,00;3,36
3768,73;2126,76;512,00;1434,57;1,57;1437,32;68,54;0,00;0,00
3770,36;2127,06;512,00;1436,33;1,33;1438,65;68,65;0,00;2,93
3772,00;2127,36;513,00;1438,10;2,10;1440,75;68,86;0,00;3,81
3773,63;2127,67;513,00;1439,86;1,86;1442,62;68,81;0,00;1,53
3773,63;2127,67;514,00;1441,62;1,62;1444,24;68,56;0,00;0,00
3777,01;2128,30;514,00;1443,38;1,38;1445,62;68,62;0,00;2,52
3778,72;2128,61;515,00;1445,14;2,14;1447,77;68,68;0,00;2,50
3780,38;2129,15;515,00;1446,90;1,90;1449,67;68,66;0,00;1,88
3782,01;2129,77;516,00;1448,67;1,67;1451,34;68,74;0,00;2,69
3783,64;2130,39;516,00;1450,43;1,43;1452,77;68,84;0,00;2,82
3785,28;2131,01;517,00;1452,20;2,20;1454,96;68,83;0,00;1,98
3786,91;2131,64;517,00;1453,96;1,96;1456,92;68,66;0,00;0,00
3788,54;2132,26;518,00;1455,71;1,71;1458,63;68,55;0,00;1,06
3790,16;2132,88;518,00;1457,47;1,47;1460,11;68,51;0,00;1,66
3791,75;2133,60;519,00;1459,24;2,24;1462,34;68,79;0,00;4,44
3793,25;2134,47;519,00;1460,99;1,99;1464,33;68,50;0,00;0,00
3794,77;2135,35;520,00;1462,76;1,76;1466,09;68,84;0,00;4,99
3796,28;2136,22;520,00;1464,51;1,51;1467,60;68,50;0,00;0,00
3797,78;2137,09;521,00;1466,27;1,27;1468,87;68,58;0,00;2,76
3799,30;2137,96;521,00;1468,03;2,03;1470,91;68,77;0,00;3,69
3800,81;2138,84;522,00;1469,80;1,80;1472,71;68,84;0,00;2,60
3802,32;2139,71;522,00;1471,55;1,55;1474,26;68,44;0,00;0,00
3803,83;2140,58;523,00;1473,31;1,31;1475,58;68,60;0,00;3,44
3805,33;2141,45;524,00;1475,07;2,07;1477,64;68,43;0,00;0,00
3806,84;2142,32;524,00;1476,83;1,83;1479,47;68,60;0,00;3,49
3808,35;2143,19;525,00;1478,59;1,59;1481,06;68,70;0,00;2,89
3809,86;2144,06;525,00;1480,35;1,35;1482,41;68,48;0,00;0,00
3809,86;2144,06;526,00;1482,11;2,11;1484,52;68,81;0,00;4,90
3812,89;2145,81;526,00;1483,87;1,87;1486,39;68,75;0,00;1,50
3814,39;2146,68;527,00;1485,63;1,63;1488,02;68,54;0,00;0,00
3815,90;2147,55;527,00;1487,39;1,39;1489,41;68,61;0,00;2,69
3817,41;2148,43;528,00;1489,15;2,15;1491,56;68,63;0,00;2,18
3818,92;2149,30;528,00;1490,90;1,90;1493,46;68,49;0,00;0,00
3820,43;2150,17;529,00;1492,66;1,66;1495,12;68,56;0,00;2,66
3821,93;2151,04;529,00;1494,42;1,42;1496,54;68,51;0,00;1,62
3823,45;2151,92;530,00;1496,19;2,19;1498,73;68,91;0,00;5,54
3824,96;2152,79;530,00;1497,95;1,95;1500,68;68,82;0,00;1,31
3826,47;2153,66;531,00;1499,71;1,71;1502,39;68,49;0,00;0,00
3826,47;2153,66;531,00;1501,47;1,47;1503,85;68,70;0,00;3,93
3829,49;2155,40;532,00;1503,22;2,22;1506,08;68,45;0,00;0,00
3831,00;2156,28;532,00;1504,99;1,99;1508,07;68,89;0,00;6,03
3832,52;2157,15;533,00;1506,75;1,75;1509,82;68,72;0,00;0,00
3834,03;2158,02;533,00;1508,51;1,51;1511,33;68,61;0,00;1,12
3834,03;2158,02;534,00;1510,27;1,27;1512,60;68,53;0,00;1,35
3837,04;2159,77;534,00;1512,02;2,02;1514,62;68,45;0,00;1,44
3838,55;2160,64;535,00;1513,79;1,79;1516,41;68,90;0,00;6,07
3840,06;2161,51;535,00;1515,55;1,55;1517,96;68,61;0,00;0,00
3841,57;2162,38;536,00;1517,31;1,31;1519,27;68,60;0,00;1,99
3843,08;2163,26;536,00;1519,06;2,06;1521,34;68,50;0,00;1,26
3844,59;2164,13;537,00;1520,83;1,83;1523,17;68,86;0,00;5,29
3846,10;2165,00;537,00;1522,59;1,59;1524,76;68,56;0,00;0,00
3847,61;2165,87;538,00;1524,35;1,35;1526,11;68,70;0,00;3,35
3849,13;2166,75;539,00;1526,11;2,11;1528,22;68,74;0,00;2,39
3850,64;2167,62;539,00;1527,87;1,87;1530,09;68,69;0,00;1,69
3850,64;2167,62;540,00;1529,64;1,64;1531,73;68,74;0,00;2,55
3853,66;2169,37;540,00;1531,40;1,40;1533,13;68,85;0,00;3,03
3855,17;2170,24;541,00;1533,16;2,16;1535,29;68,55;0,00;0,00
3856,68;2171,11;541,00;1534,92;1,92;1537,21;68,61;0,00;2,55
3858,20;2171,99;542,00;1536,68;1,68;1538,89;68,82;0,00;4,00
3859,71;2172,86;542,00;1538,45;1,45;1540,34;68,72;0,00;1,25
3861,22;2173,73;543,00;1540,21;2,21;1542,55;68,71;0,00;1,97
3862,73;2174,61;543,00;1541,97;1,97;1544,52;68,86;0,00;3,47
3864,24;2175,48;544,00;1543,73;1,73;1546,25;68,45;0,00;0,00
3865,75;2176,35;544,00;1545,48;1,48;1547,73;68,48;0,00;2,37
3865,75;2176,35;545,00;1547,25;2,25;1549,98;68,91;0,00;5,99
3868,78;2178,10;545,00;1549,02;2,02;1552,00;68,82;0,00;1,25
3870,29;2178,98;546,00;1550,78;1,78;1553,78;68,88;0,00;2,74
3871,80;2179,85;546,00;1552,54;1,54;1555,32;68,73;0,00;0,00
3873,32;2180,72;547,00;1554,31;1,31;1556,63;68,88;0,00;3,47
3874,83;2181,60;547,00;1556,07;2,07;1558,70;68,62;0,00;0,00
3876,34;2182,47;548,00;1557,82;1,82;1560,53;68,46;0,00;0,00
3877,84;2183,34;548,00;1559,58;1,58;1562,11;68,49;0,00;2,36
3877,84;2183,34;549,00;1561,34;1,34;1563,45;68,60;0,00;3,20
3880,86;2185,08;549,00;1563,10;2,10;1565,55;68,67;0,00;2,74
3882,38;2185,96;550,00;1564,87;1,87;1567,42;68,90;0,00;4,24
3883,89;2186,83;550,00;1566,63;1,63;1569,04;68,58;0,00;0,00
3885,40;2187,70;551,00;1568,39;1,39;1570,43;68,87;0,00;4,80
3886,91;2188,58;551,00;1570,15;2,15;1572,59;68,74;0,00;1,02
3888,42;2189,45;552,00;1571,91;1,91;1574,50;68,55;0,00;0,00
3889,93;2190,32;552,00;1573,67;1,67;1576,17;68,51;0,00;1,73
3891,43;2191,19;553,00;1575,42;1,42;1577,59;68,43;0,00;1,44
3892,95;2192,06;553,00;1577,19;2,19;1579,78;68,75;0,00;5,14
3894,46;2192,94;554,00;1578,95;1,95;1581,72;68,66;0,00;1,32
3895,97;2193,81;555,00;1580,71;1,71;1583,44;68,87;0,00;4,01
3897,49;2194,69;555,00;1582,48;1,48;1584,91;68,91;0,00;2,60
3899,00;2195,56;556,00;1584,25;2,25;1587,16;68,87;0,00;1,76
3900,52;2196,44;556,00;1586,01;2,01;1589,17;68,89;0,00;2,33
3902,03;2197,31;557,00;1587,77;1,77;1590,94;68,53;0,00;0,00
3903,54;2198,18;557,00;1589,53;1,53;1592,47;68,60;0,00;2,77
3905,05;2199,05;558,00;1591,29;1,29;1593,76;68,68;0,00;2,87
3906,56;2199,93;558,00;1593,05;2,05;1595,81;68,71;0,00;2,48
3908,07;2200,80;559,00;1594,81;1,81;1597,62;68,74;0,00;2,42
3909,58;2201,67;559,00;1596,57;1,57;1599,19;68,58;0,00;0,00
3911,09;2202,54;560,00;1598,33;1,33;1600,52;68,56;0,00;1,99
3912,60;2203,41;560,00;1600,09;2,09;1602,61;68,49;0,00;1,49
3914,11;2204,29;561,00;1601,85;1,85;1604,46;68,70;0,00;4,15
3915,61;2205,16;561,00;1603,60;1,60;1606,06;68,48;0,00;0,00
3917,12;2206,03;562,00;1605,36;1,36;1607,42;68,53;0,00;2,68
3918,64;2206,90;562,00;1607,13;2,13;1609,55;68,86;0,00;5,23
3920,15;2207,78;563,00;1608,89;1,89;1611,43;68,63;0,00;0,00
3921,65;2208,65;563,00;1610,64;1,64;1613,08;68,59;0,00;1,88
3923,16;2209,52;564,00;1612,40;1,40;1614,48;68,49;0,00;1,22
3924,67;2210,39;564,00;1614,16;2,16;1616,63;68,51;0,00;2,37
3926,17;2211,26;565,00;1615,91;1,91;1618,55;68,48;0,00;1,98
3927,69;2212,13;565,00;1617,68;1,68;1620,23;68,86;0,00;5,73
3929,20;2213,00;566,00;1619,44;1,44;1621,66;68,51;0,00;0,00
3930,71;2213,88;566,00;1621,19;2,19;1623,86;68,60;0,00;3,04
3932,14;2214,70;567,00;1622,96;1,96;1625,81;68,68;0,00;2,95
3933,66;2215,58;567,00;1624,71;1,71;1627,53;68,50;0,00;0,00
3935,18;2216,46;568,00;1626,47;1,47;1629,00;68,55;0,00;2,70
3936,70;2217,34;568,00;1628,23;2,23;1631,23;68,66;0,00;3,19
3938,23;2218,22;569,00;1629,99;1,99;1633,22;68,58;0,00;1,53
3939,76;2219,11;570,00;1631,75;1,75;1634,97;68,80;0,00;4,25
3941,28;2219,99;570,00;1633,52;1,52;1636,48;68,73;0,00;1,52
3941,28;2219,99;571,00;1635,28;1,28;1637,76;68,73;0,00;2,31
3944,33;2221,75;571,00;1637,04;2,04;1639,80;68,71;0,00;1,94
3945,86;2222,63;572,00;1638,80;1,80;1641,60;68,80;0,00;3,10
3947,39;2223,51;572,00;1640,56;1,56;1643,17;68,64;0,00;0,00
3948,91;2224,39;573,00;1642,32;1,32;1644,49;68,67;0,00;2,51
3950,43;2225,27;573,00;1644,08;2,08;1646,58;68,63;0,00;1,87
3951,96;2226,15;574,00;1645,85;1,85;1648,42;68,71;0,00;2,97
3953,49;2227,04;574,00;1647,61;1,61;1650,03;68,79;0,00;2,95
3955,01;2227,92;575,00;1649,37;1,37;1651,40;68,61;0,00;0,00
3956,53;2228,80;575,00;1651,12;2,12;1653,53;68,47;0,00;0,00
3958,05;2229,68;576,00;1652,88;1,88;1655,41;68,42;0,00;1,76
3959,57;2230,56;576,00;1654,64;1,64;1657,04;68,58;0,00;3,72
3959,57;2230,56;577,00;1656,39;1,39;1658,44;68,54;0,00;1,88
3962,53;2232,27;577,00;1658,15;2,15;1660,59;68,48;0,00;1,68
3964,05;2233,15;578,00;1659,91;1,91;1662,50;68,56;0,00;3,00
3965,57;2234,02;578,00;1661,66;1,66;1664,16;68,46;0,00;1,27
3967,09;2234,90;579,00;1663,43;1,43;1665,59;68,74;0,00;4,94
3968,62;2235,78;579,00;1665,18;2,18;1667,77;68,55;0,00;0,00
3970,15;2236,67;580,00;1666,95;1,95;1669,72;68,88;0,00;5,42
3971,67;2237,55;580,00;1668,71;1,71;1671,43;68,58;0,00;0,00
3973,19;2238,43;581,00;1670,47;1,47;1672,90;68,64;0,00;2,88
3974,71;2239,31;581,00;1672,23;2,23;1675,13;68,58;0,00;1,65
3976,24;2240,19;582,00;1673,99;1,99;1677,11;68,56;0,00;2,12
3977,76;2241,07;582,00;1675,75;1,75;1678,86;68,72;0,00;3,76
3979,28;2241,95;583,00;1677,50;1,50;1680,36;68,46;0,00;0,00
3980,81;2242,82;583,00;1679,26;1,26;1681,62;68,58;0,00;3,41
3982,33;2243,70;584,00;1681,02;2,02;1683,64;68,54;0,00;1,88
3983,86;2244,59;584,00;1682,78;1,78;1685,42;68,83;0,00;5,12
3985,38;2245,47;585,00;1684,54;1,54;1686,97;68,64;0,00;0,00
3986,90;2246,35;586,00;1686,30;1,30;1688,27;68,70;0,00;2,89
3988,43;2247,23;586,00;1688,07;2,07;1690,34;68,80;0,00;3,25
3989,96;2248,11;587,00;1689,83;1,83;1692,17;68,72;0,00;1,47
3991,48;2248,99;587,00;1691,59;1,59;1693,76;68,50;0,00;0,00
3993,00;2249,87;588,00;1693,34;1,34;1695,10;68,50;0,00;2,24
3994,52;2250,75;588,00;1695,10;2,10;1697,20;68,43;0,00;1,60
3996,04;2251,63;589,00;1696,86;1,86;1699,06;68,66;0,00;4,52
3997,57;2252,51;589,00;1698,62;1,62;1700,69;68,84;0,00;4,09
3997,57;2252,51;590,00;1700,38;1,38;1702,07;68,47;0,00;0,00
4000,61;2254,27;590,00;1702,14;2,14;1704,20;68,55;0,00;3,15
4002,14;2255,15;591,00;1703,90;1,90;1706,10;68,62;0,00;2,90
4002,14;2255,15;591,00;1705,66;1,66;1707,76;68,82;0,00;4,32
4005,19;2256,91;592,00;1707,42;1,42;1709,18;68,55;0,00;0,00
4006,71;2257,79;592,00;1709,17;2,17;1711,36;68,42;0,00;0,00
4008,23;2258,67;593,00;1710,94;1,94;1713,29;68,76;0,00;5,65
4009,76;2259,55;593,00;1712,70;1,70;1714,99;68,78;0,00;2,52
4011,28;2260,43;594,00;1714,46;1,46;1716,45;68,44;0,00;0,00
4012,80;2261,31;594,00;1716,21;2,21;1718,66;68,49;0,00;2,84
4012,80;2261,31;595,00;1717,97;1,97;1720,63;68,66;0,00;3,94
4015,85;2263,07;595,00;1719,74;1,74;1722,37;68,83;0,00;4,03
4017,38;2263,95;596,00;1721,50;1,50;1723,87;68,57;0,00;0,00
4018,90;2264,83;596,00;1723,26;2,26;1726,12;68,76;0,00;4,26
4020,43;2265,71;597,00;1725,02;2,02;1728,15;68,74;0,00;2,12
4021,96;2266,59;597,00;1726,78;1,78;1729,93;68,78;0,00;2,69
4023,48;2267,48;598,00;1728,55;1,55;1731,48;68,65;0,00;0,00
4025,01;2268,36;598,00;1730,31;1,31;1732,79;68,90;0,00;4,79
4026,54;2269,24;599,00;1732,08;2,08;1734,86;68,83;0,00;1,72
4028,06;2270,12;599,00;1733,83;1,83;1736,70;68,55;0,00;0,00
4029,58;2271,00;600,00;1735,59;1,59;1738,29;68,44;0,00;1,22
4031,10;2271,88;601,00;1737,34;1,34;1739,63;68,43;0,00;2,20
4032,63;2272,76;601,00;1739,11;2,11;1741,74;68,88;0,00;6,81
4035,75;2270,87;602,00;1740,87;1,87;1743,61;68,50;0,00;0,00
4037,27;2271,75;602,00;1742,63;1,63;1745,23;68,62;0,00;3,51
4038,80;2272,64;603,00;1744,39;1,39;1746,63;68,87;0,00;4,88
4040,32;2273,52;603,00;1746,15;2,15;1748,77;68,53;0,00;0,00
4041,84;2274,40;604,00;1747,90;1,90;1750,68;68,49;0,00;1,97
4043,36;2275,29;604,00;1749,67;1,67;1752,35;68,81;0,00;5,48
4044,89;2276,17;605,00;1751,43;1,43;1753,78;68,79;0,00;2,20
4046,41;2277,06;605,00;1753,19;2,19;1755,97;68,63;0,00;0,00
4047,93;2277,94;606,00;1754,96;1,96;1757,93;68,89;0,00;4,92
4049,47;2278,82;606,00;1756,72;1,72;1759,65;68,61;0,00;0,00
4051,00;2279,70;607,00;1758,48;1,48;1761,13;68,77;0,00;4,00
4052,54;2280,57;607,00;1760,24;2,24;1763,38;68,74;0,00;2,01
4054,07;2281,45;608,00;1762,00;2,00;1765,38;68,61;0,00;1,11
4055,60;2282,32;608,00;1763,77;1,77;1767,15;68,79;0,00;4,11
4057,14;2283,20;609,00;1765,53;1,53;1768,68;68,68;0,00;1,29
4058,67;2284,06;609,00;1767,28;1,28;1769,96;68,46;0,00;0,00
4060,21;2284,92;610,00;1769,05;2,05;1772,01;68,84;0,00;6,25
4061,75;2285,78;610,00;1770,81;1,81;1773,82;68,77;0,00;1,64
4063,29;2286,64;611,00;1772,57;1,57;1775,39;68,76;0,00;2,32
4064,81;2287,50;611,00;1774,33;1,33;1776,73;68,49;0,00;0,00
4066,34;2288,37;612,00;1776,09;2,09;1778,81;68,52;0,00;2,67
4067,88;2289,24;612,00;1777,85;1,85;1780,67;68,91;0,00;6,38
4069,41;2290,10;613,00;1779,61;1,61;1782,28;68,51;0,00;0,00
4070,94;2290,96;613,00;1781,37;1,37;1783,65;68,64;0,00;3,65
4072,48;2291,83;614,00;1783,13;2,13;1785,79;68,73;0,00;3,35
4074,01;2292,69;614,00;1784,89;1,89;1787,68;68,47;0,00;0,00
4075,54;2293,56;615,00;1786,65;1,65;1789,33;68,83;0,00;6,04
4077,08;2294,43;615,00;1788,41;1,41;1790,74;68,64;0,00;0,00
4078,61;2295,29;616,00;1790,17;2,17;1792,92;68,59;0,00;1,90
4080,14;2296,16;616,00;1791,94;1,94;1794,86;68,82;0,00;4,77
4081,68;2297,02;617,00;1793,70;1,70;1796,55;68,65;0,00;0,00
4083,21;2297,89;618,00;1795,46;1,46;1798,02;68,78;0,00;3,67
4084,74;2298,76;618,00;1797,22;2,22;1800,24;68,64;0,00;0,00
4086,28;2299,62;619,00;1798,99;1,99;1802,22;68,80;0,00;4,02
4087,81;2300,49;619,00;1800,74;1,74;1803,96;68,42;0,00;0,00
4089,34;2301,35;620,00;1802,49;1,49;1805,46;68,42;0,00;2,36
4090,87;2302,22;620,00;1804,26;2,26;1807,72;68,76;0,00;5,90
4092,41;2303,08;621,00;1806,02;2,02;1809,74;68,84;0,00;3,25
4093,94;2303,95;621,00;1807,78;1,78;1811,52;68,48;0,00;0,00
4095,47;2304,81;622,00;1809,53;1,53;1813,05;68,48;0,00;2,49
4097,00;2305,68;622,00;1811,30;1,30;1814,35;68,87;0,00;6,41
4097,00;2305,68;623,00;1813,06;2,06;1816,41;68,58;0,00;0,00
4100,06;2307,40;623,00;1814,82;1,82;1818,23;68,49;0,00;1,47
4101,60;2308,27;624,00;1816,58;1,58;1819,81;68,81;0,00;5,73
4103,13;2309,14;624,00;1818,34;1,34;1821,15;68,72;0,00;1,52
4104,67;2310,01;625,00;1820,10;2,10;1823,25;68,77;0,00;2,94
4106,20;2310,87;625,00;1821,86;1,86;1825,11;68,56;0,00;0,00
4107,74;2311,74;626,00;1823,63;1,63;1826,74;68,89;0,00;5,86
4109,27;2312,60;626,00;1825,38;1,38;1828,13;68,47;0,00;0,00
4110,80;2313,46;627,00;1827,14;2,14;1830,27;68,54;0,00;3,18
4112,33;2314,33;627,00;1828,90;1,90;1832,17;68,69;0,00;4,03
4113,87;2315,20;628,00;1830,67;1,67;1833,84;68,75;0,00;3,01
4115,40;2316,06;628,00;1832,43;1,43;1835,27;68,72;0,00;2,14
4116,94;2316,93;629,00;1834,19;2,19;1837,46;68,90;0,00;4,29
4118,48;2317,80;629,00;1835,96;1,96;1839,42;68,86;0,00;2,07
4120,01;2318,66;630,00;1837,72;1,72;1841,14;68,55;0,00;0,00
4121,54;2319,53;630,00;1839,47;1,47;1842,62;68,50;0,00;1,98
4123,07;2320,39;631,00;1841,23;2,23;1844,85;68,53;0,00;2,71
4124,60;2321,26;632,00;1843,00;2,00;1846,84;68,82;0,00;5,52
4126,13;2322,12;632,00;1844,76;1,76;1848,60;68,64;0,00;0,00
4127,67;2322,99;633,00;1846,52;1,52;1850,11;68,61;0,00;2,15
4129,20;2323,86;633,00;1848,28;1,28;1851,39;68,76;0,00;4,04
4130,73;2324,72;634,00;1850,04;2,04;1853,43;68,56;0,00;0,00
4132,27;2325,59;634,00;1851,80;1,80;1855,23;68,83;0,00;5,28
4133,80;2326,45;635,00;1853,56;1,56;1856,79;68,77;0,00;1,85
4135,34;2327,32;635,00;1855,33;1,33;1858,12;68,76;0,00;2,38
4136,91;2328,18;636,00;1857,09;2,09;1860,21;68,74;0,00;2,32
4138,46;2329,02;636,00;1858,86;1,86;1862,07;68,89;0,00;4,04
4140,02;2329,86;637,00;1860,62;1,62;1863,69;68,87;0,00;2,23
4141,57;2330,70;637,00;1862,38;1,38;1865,07;68,60;0,00;0,00
4143,12;2331,54;638,00;1864,14;2,14;1867,22;68,78;0,00;4,42
4144,67;2332,37;638,00;1865,90;1,90;1869,12;68,48;0,00;0,00
4146,22;2333,21;639,00;1867,66;1,66;1870,78;68,68;0,00;4,52
4147,76;2334,04;639,00;1869,42;1,42;1872,20;68,50;0,00;0,00
4149,31;2334,88;640,00;1871,18;2,18;1874,37;68,52;0,00;2,65
4150,87;2335,69;640,00;1872,93;1,93;1876,31;68,49;0,00;2,20
4152,45;2336,49;641,00;1874,69;1,69;1877,99;68,51;0,00;2,65
4154,03;2337,29;641,00;1876,45;1,45;1879,45;68,88;0,00;6,49
4155,61;2338,09;642,00;1878,21;2,21;1881,66;68,56;0,00;0,00
4157,18;2338,89;642,00;1879,97;1,97;1883,63;68,49;0,00;1,67
4158,76;2339,69;643,00;1881,73;1,73;1885,36;68,70;0,00;4,75
4160,34;2340,48;643,00;1883,48;1,48;1886,84;68,42;0,00;0,00
4161,91;2341,28;644,00;1885,24;2,24;1889,08;68,42;0,00;2,50
4163,49;2342,07;644,00;1886,99;1,99;1891,07;68,48;0,00;3,21
4165,07;2342,82;645,00;1888,75;1,75;1892,82;68,42;0,00;1,86
4166,66;2343,58;645,00;1890,51;1,51;1894,34;68,76;0,00;6,14
4166,66;2343,58;646,00;1892,27;1,27;1895,61;68,76;0,00;2,45
4169,87;2345,07;647,00;1894,03;2,03;1897,64;68,53;0,00;0,00
4171,47;2345,81;647,00;1895,79;1,79;1899,44;68,68;0,00;4,06
4173,07;2346,55;648,00;1897,55;1,55;1900,99;68,59;0,00;1,56
4174,67;2347,30;648,00;1899,32;1,32;1902,30;68,88;0,00;5,70
4176,27;2348,04;649,00;1901,08;2,08;1904,39;68,81;0,00;1,74
4177,87;2348,78;649,00;1902,84;1,84;1906,23;68,74;0,00;1,78
4179,46;2349,51;650,00;1904,60;1,60;1907,83;68,44;0,00;0,00
4181,06;2350,25;650,00;1906,36;1,36;1909,19;68,75;0,00;5,91
4182,66;2351,00;651,00;1908,13;2,13;1911,32;68,77;0,00;2,75
4184,26;2351,73;651,00;1909,88;1,88;1913,20;68,49;0,00;0,00
4185,85;2352,47;652,00;1911,64;1,64;1914,84;68,49;0,00;2,47
4185,85;2352,47;652,00;1913,40;1,40;1916,24;68,75;0,00;5,37
4189,05;2353,95;653,00;1915,17;2,17;1918,41;68,86;0,00;3,68
4190,66;2354,69;653,00;1916,93;1,93;1920,34;68,88;0,00;2,81
4192,26;2355,44;654,00;1918,70;1,70;1922,04;68,88;0,00;2,53
4192,26;2355,44;654,00;1920,47;1,47;1923,51;68,91;0,00;2,83
4195,46;2356,92;655,00;1922,23;2,23;1925,74;68,81;0,00;1,53
4197,06;2357,66;655,00;1923,99;1,99;1927,73;68,75;0,00;1,92
4198,66;2358,40;656,00;1925,75;1,75;1929,48;68,70;0,00;1,99
4200,25;2359,14;656,00;1927,51;1,51;1930,99;68,44;0,00;0,00
4201,85;2359,88;657,00;1929,27;1,27;1932,27;68,70;0,00;5,35
4203,45;2360,62;657,00;1931,03;2,03;1934,29;68,51;0,00;0,00
4205,04;2361,35;658,00;1932,79;1,79;1936,08;68,64;0,00;3,95
4206,65;2362,10;658,00;1934,55;1,55;1937,63;68,80;0,00;4,22
4208,24;2362,83;659,00;1936,31;1,31;1938,95;68,63;0,00;0,00
4209,84;2363,58;659,00;1938,08;2,08;1941,02;68,79;0,00;4,28
4211,44;2364,31;660,00;1939,83;1,83;1942,85;68,53;0,00;0,00
4213,04;2365,06;660,00;1941,60;1,60;1944,45;68,84;0,00;5,91
4214,63;2365,79;661,00;1943,36;1,36;1945,81;68,53;0,00;0,00
4216,23;2366,53;661,00;1945,12;2,12;1947,93;68,75;0,00;5,02
4217,83;2367,27;662,00;1946,88;1,88;1949,81;68,73;0,00;2,29
4219,43;2368,01;663,00;1948,64;1,64;1951,44;68,50;0,00;0,00
4221,02;2368,75;663,00;1950,39;1,39;1952,84;68,56;0,00;3,15
4222,63;2369,49;664,00;1952,16;2,16;1955,00;68,87;0,00;6,07
4222,63;2369,49;664,00;1953,93;1,93;1956,93;68,89;0,00;2,75
4225,82;2370,97;665,00;1955,68;1,68;1958,61;68,49;0,00;0,00
4227,41;2371,71;665,00;1957,44;1,44;1960,05;68,43;0,00;1,92
4229,01;2372,45;666,00;1959,20;2,20;1962,24;68,58;0,00;4,25
4230,60;2373,18;666,00;1960,95;1,95;1964,19;68,46;0,00;1,29
4232,20;2373,92;667,00;1962,71;1,71;1965,90;68,50;0,00;3,04
4233,80;2374,66;667,00;1964,47;1,47;1967,38;68,83;0,00;6,26
4235,39;2375,40;668,00;1966,23;2,23;1969,61;68,53;0,00;0,00
4236,99;2376,14;668,00;1968,00;2,00;1971,60;68,84;0,00;6,01
4238,59;2376,88;669,00;1969,75;1,75;1973,35;68,52;0,00;0,00
4240,18;2377,62;669,00;1971,51;1,51;1974,86;68,52;0,00;2,61
4241,78;2378,36;670,00;1973,27;1,27;1976,13;68,51;0,00;2,46
4243,37;2379,10;670,00;1975,02;2,02;1978,15;68,49;0,00;2,39
4244,97;2379,83;671,00;1976,78;1,78;1979,93;68,64;0,00;4,33
4246,54;2380,58;671,00;1978,54;1,54;1981,48;68,76;0,00;3,95
4248,13;2381,35;672,00;1980,31;1,31;1982,79;68,90;0,00;4,10
4249,72;2382,11;672,00;1982,07;2,07;1984,86;68,76;0,00;0,00
4251,31;2382,87;673,00;1983,83;1,83;1986,70;68,62;0,00;0,00
4252,90;2383,64;673,00;1985,60;1,60;1988,30;68,87;0,00;5,42
4254,49;2384,40;674,00;1987,36;1,36;1989,66;68,70;0,00;0,00
4256,08;2385,16;674,00;1989,13;2,13;1991,78;68,88;0,00;4,72
4257,68;2385,90;675,00;1990,89;1,89;1993,67;68,71;0,00;0,00
4259,29;2386,64;675,00;1992,65;1,65;1995,33;68,81;0,00;3,68
4260,91;2387,38;676,00;1994,42;1,42;1996,75;68,88;0,00;3,43
4260,91;2387,38;676,00;1996,18;2,18;1998,93;68,60;0,00;0,00
4264,11;2388,84;677,00;1997,93;1,93;2000,86;68,48;0,00;1,21
4265,72;2389,58;678,00;1999,69;1,69;2002,55;68,57;0,00;3,70
4267,32;2390,31;678,00;2001,45;1,45;2004,00;68,54;0,00;2,25
4268,94;2391,04;679,00;2003,22;2,22;2006,22;68,85;0,00;6,19
4270,55;2391,77;679,00;2004,98;1,98;2008,20;68,90;0,00;3,15
4272,16;2392,47;680,00;2006,74;1,74;2009,94;68,42;0,00;0,00
4273,77;2393,17;680,00;2008,49;1,49;2011,43;68,44;0,00;2,83
4275,33;2393,90;681,00;2010,25;2,25;2013,68;68,71;0,00;5,68
4276,93;2394,64;681,00;2012,01;2,01;2015,70;68,65;0,00;2,02
4278,52;2395,37;682,00;2013,77;1,77;2017,47;68,58;0,00;1,79
4280,12;2396,11;682,00;2015,53;1,53;2019,00;68,47;0,00;1,49
4281,72;2396,85;683,00;2017,29;1,29;2020,29;68,77;0,00;6,01
4283,31;2397,59;683,00;2019,05;2,05;2022,34;68,62;0,00;0,00
4284,91;2398,33;684,00;2020,81;1,81;2024,15;68,69;0,00;3,44
4286,50;2399,07;684,00;2022,57;1,57;2025,72;68,43;0,00;0,00
4288,10;2399,81;685,00;2024,33;1,33;2027,05;68,70;0,00;5,75
4289,71;2400,55;685,00;2026,09;2,09;2029,14;68,85;0,00;4,33
4291,30;2401,29;686,00;2027,85;1,85;2030,99;68,48;0,00;0,00
4292,90;2402,03;686,00;2029,61;1,61;2032,60;68,60;0,00;4,05
4294,49;2402,77;687,00;2031,37;1,37;2033,97;68,66;0,00;3,40
4296,10;2403,51;687,00;2033,13;2,13;2036,10;68,86;0,00;4,95
4297,69;2404,25;688,00;2034,90;1,90;2038,00;68,72;0,00;0,00
4299,29;2404,99;688,00;2036,66;1,66;2039,66;68,69;0,00;2,32
4300,89;2405,73;689,00;2038,42;1,42;2041,08;68,72;0,00;3,00
4302,49;2406,47;689,00;2040,18;2,18;2043,26;68,75;0,00;3,11
4304,09;2407,21;690,00;2041,95;1,95;2045,21;68,77;0,00;2,90
4305,69;2407,95;690,00;2043,71;1,71;2046,92;68,78;0,00;2,75
4307,29;2408,69;691,00;2045,47;1,47;2048,39;68,65;0,00;1,21
4308,89;2409,43;691,00;2047,23;2,23;2050,62;68,80;0,00;4,39
4310,48;2410,17;692,00;2048,99;1,99;2052,61;68,42;0,00;0,00
4312,08;2410,91;693,00;2050,75;1,75;2054,36;68,79;0,00;6,94
4313,68;2411,64;693,00;2052,51;1,51;2055,87;68,45;0,00;0,00
4315,28;2412,39;694,00;2054,27;1,27;2057,14;68,88;0,00;7,55
4316,88;2413,12;694,00;2056,03;2,03;2059,18;68,56;0,00;0,00
4318,47;2413,86;695,00;2057,79;1,79;2060,96;68,44;0,00;1,29
4320,06;2414,60;695,00;2059,54;1,54;2062,51;68,51;0,00;3,53
4321,66;2415,34;696,00;2061,31;1,31;2063,81;68,70;0,00;4,86
4323,26;2416,08;696,00;2063,06;2,06;2065,88;68,63;0,00;1,86
4324,86;2416,82;697,00;2064,83;1,83;2067,70;68,73;0,00;3,85
4326,45;2417,56;697,00;2066,59;1,59;2069,29;68,57;0,00;0,00
4328,05;2418,30;698,00;2068,34;1,34;2070,63;68,60;0,00;3,09
4329,64;2419,03;698,00;2070,10;2,10;2072,73;68,48;0,00;1,32
4331,24;2419,77;699,00;2071,86;1,86;2074,59;68,45;0,00;2,38
4331,24;2419,77;699,00;2073,61;1,61;2076,20;68,58;0,00;4,23
4334,44;2421,25;700,00;2075,38;1,38;2077,58;68,90;0,00;6,40
4336,04;2421,99;700,00;2077,15;2,15;2079,73;68,82;0,00;1,82
4337,63;2422,73;701,00;2078,90;1,90;2081,63;68,60;0,00;0,00
4339,23;2423,47;701,00;2080,67;1,67;2083,30;68,75;0,00;4,40
4340,84;2424,21;702,00;2082,43;1,43;2084,73;68,85;0,00;3,90
4342,43;2424,95;702,00;2084,19;2,19;2086,92;68,58;0,00;0,00
4344,03;2425,69;703,00;2085,95;1,95;2088,87;68,65;0,00;3,49
4345,63;2426,43;703,00;2087,71;1,71;2090,59;68,77;0,00;4,15
4347,22;2427,17;704,00;2089,47;1,47;2092,06;68,58;0,00;0,00
4348,82;2427,91;704,00;2091,23;2,23;2094,29;68,72;0,00;4,40
4350,32;2428,67;705,00;2092,99;1,99;2096,29;68,62;0,00;1,51
4351,88;2429,49;705,00;2094,75;1,75;2098,04;68,51;0,00;1,55
4351,88;2429,49;706,00;2096,52;1,52;2099,56;68,91;0,00;7,41
4355,01;2431,12;707,00;2098,28;1,28;2100,84;68,67;0,00;0,00
4356,57;2431,94;707,00;2100,04;2,04;2102,88;68,78;0,00;4,03
4356,57;2431,94;708,00;2101,80;1,80;2104,68;68,72;0,00;2,05
4359,72;2433,54;708,00;2103,56;1,56;2106,25;68,63;0,00;1,63
4361,33;2434,31;709,00;2105,32;1,32;2107,57;68,54;0,00;1,69
4361,33;2434,31;709,00;2107,08;2,08;2109,65;68,75;0,00;5,24
4364,54;2435,84;710,00;2108,85;1,85;2111,50;68,76;0,00;2,89
4366,15;2436,61;710,00;2110,61;1,61;2113,11;68,81;0,00;3,38
4367,75;2437,37;711,00;2112,37;1,37;2114,48;68,43;0,00;0,00
4369,36;2438,14;711,00;2114,13;2,13;2116,61;68,81;0,00;7,24
4370,98;2438,84;712,00;2115,89;1,89;2118,50;68,74;0,00;1,91
4372,60;2439,54;712,00;2117,65;1,65;2120,16;68,70;0,00;2,34
4374,21;2440,23;713,00;2119,41;1,41;2121,57;68,49;0,00;0,00
4375,82;2440,93;713,00;2121,17;2,17;2123,74;68,59;0,00;3,94
4377,44;2441,63;714,00;2122,94;1,94;2125,67;68,86;0,00;5,93
4379,06;2442,33;714,00;2124,70;1,70;2127,37;68,69;0,00;0,00
4380,68;2443,02;715,00;2126,46;1,46;2128,83;68,88;0,00;5,05
4382,30;2443,72;715,00;2128,22;2,22;2131,05;68,52;0,00;0,00
4383,91;2444,41;716,00;2129,98;1,98;2133,03;68,49;0,00;2,44
4383,91;2444,41;716,00;2131,74;1,74;2134,76;68,78;0,00;6,24
4387,14;2445,81;717,00;2133,50;1,50;2136,26;68,57;0,00;0,00
4388,76;2446,51;717,00;2135,26;2,26;2138,52;68,79;0,00;5,39
4390,39;2447,21;718,00;2137,03;2,03;2140,55;68,88;0,00;3,88
4392,00;2447,90;718,00;2138,79;1,79;2142,34;68,70;0,00;0,00
4393,61;2448,60;719,00;2140,54;1,54;2143,88;68,43;0,00;0,00
4395,18;2449,27;719,00;2142,25;1,25;2145,14;66,72;0,00;0,00
4396,71;2449,93;720,00;2143,92;1,92;2147,06;64,96;0,00;0,00
4398,20;2450,57;721,00;2145,54;1,54;2148,60;63,21;0,00;0,00
4399,65;2451,20;721,00;2147,12;1,12;2149,71;61,45;0,00;0,00
4401,06;2451,80;722,00;2148,65;1,65;2151,36;59,70;0,00;0,00
4402,42;2452,39;722,00;2150,13;1,13;2152,50;57,94;0,00;0,00
4403,74;2452,96;723,00;2151,57;1,57;2154,07;56,19;0,00;0,00
4406,26;2454,05;724,00;2154,32;2,32;2156,39;52,68;0,00;0,00
4407,42;2454,58;724,00;2155,63;1,63;2158,02;50,92;0,00;0,00
4409,68;2455,61;725,00;2158,10;2,10;2160,12;47,41;0,00;0,00
4410,75;2456,09;726,00;2159,27;1,27;2161,39;45,66;0,00;0,00
4411,77;2456,56;726,00;2160,40;1,40;2162,79;43,90;0,00;0,00
4412,76;2457,01;727,00;2161,48;1,48;2164,27;42,15;0,00;0,00
4413,70;2457,44;727,00;2162,52;1,52;2165,79;40,39;0,00;0,00
4415,55;2458,12;728,00;2164,49;1,49;2167,28;38,50;0,00;0,00
4416,50;2458,40;729,00;2165,48;1,48;2168,76;38,29;0,00;0,00
4417,44;2458,67;729,00;2166,46;1,46;2170,21;38,34;0,00;2,46
4418,39;2458,95;730,00;2167,45;1,45;2171,66;38,50;0,00;3,24
4419,33;2459,22;730,00;2168,43;1,43;2173,09;38,38;0,00;0,00
4420,30;2459,28;731,00;2169,41;1,41;2174,50;38,39;0,00;2,23
4421,28;2459,17;731,00;2170,40;1,40;2175,91;38,52;0,00;3,03
4422,26;2459,07;732,00;2171,39;1,39;2177,30;38,58;0,00;2,58
4423,24;2458,96;732,00;2172,38;1,38;2178,67;38,46;0,00;0,00
4424,21;2458,82;733,00;2173,37;1,37;2180,04;38,57;0,00;2,94
4425,04;2458,26;733,00;2174,36;1,36;2181,40;38,63;0,00;2,54
4425,85;2457,72;734,00;2175,34;1,34;2182,73;38,22;0,00;0,00
4426,66;2457,17;735,00;2176,32;1,32;2184,05;38,19;0,00;2,00
4426,66;2457,17;735,00;2177,30;1,30;2185,35;38,26;0,00;2,62
4428,12;2455,91;736,00;2178,28;1,28;2186,63;38,27;0,00;2,29
4428,67;2455,09;736,00;2179,26;1,26;2187,89;38,43;0,00;3,26
4429,21;2454,27;737,00;2180,25;1,25;2189,14;38,40;0,00;1,96
4429,76;2453,45;737,00;2181,23;1,23;2190,37;38,38;0,00;2,00
4430,30;2452,63;738,00;2182,22;1,22;2191,59;38,45;0,00;2,65
4430,30;2452,63;738,00;2183,20;1,20;2192,79;38,43;0,00;2,07
4431,24;2450,88;739,00;2184,21;1,21;2194,01;39,31;0,00;8,36
4431,68;2449,95;739,00;2185,23;1,23;2195,24;39,83;0,00;5,82
4432,12;2449,02;740,00;2186,27;1,27;2196,51;40,38;0,00;6,16
4432,57;2448,07;740,00;2187,32;1,32;2197,82;40,93;0,00;6,18
4433,02;2447,11;741,00;2188,38;1,38;2199,21;41,44;0,00;5,99
4433,49;2446,13;741,00;2189,47;1,47;2200,67;42,32;0,00;8,85
4433,96;2445,13;742,00;2190,57;1,57;2202,24;43,14;0,00;8,53
4434,92;2443,08;743,00;2192,84;1,84;2204,08;44,42;0,00;6,42
4435,93;2440,99;744,00;2195,17;2,17;2206,25;45,89;0,00;8,95
4436,45;2439,92;744,00;2196,37;1,37;2207,62;46,87;0,00;10,50
4436,45;2439,92;745,00;2197,59;1,59;2209,21;47,56;0,00;8,14
4438,08;2436,60;746,00;2200,08;2,08;2211,29;48,87;0,00;8,18
4438,65;2435,46;746,00;2201,35;1,35;2212,64;49,57;0,00;8,56
4439,22;2434,28;747,00;2202,64;1,64;2214,28;50,31;0,00;9,11
4440,36;2431,91;748,00;2205,27;2,27;2216,54;51,54;0,00;8,58
4440,93;2430,70;749,00;2206,61;1,61;2218,15;52,26;0,00;9,19
4442,12;2428,24;750,00;2209,34;2,34;2220,49;53,75;0,00;9,43
4442,72;2426,98;750,00;2210,74;1,74;2222,23;54,43;0,00;9,14
4443,33;2425,71;751,00;2212,15;1,15;2223,38;54,98;0,00;7,91
4443,95;2424,41;751,00;2213,58;1,58;2224,96;55,92;0,00;11,96
4444,58;2423,10;752,00;2215,04;1,04;2226,00;56,70;0,00;10,55
4445,22;2421,77;752,00;2216,51;1,51;2227,51;57,61;0,00;12,05
4445,86;2420,42;753,00;2218,01;1,01;2228,52;58,20;0,00;8,71
4446,52;2419,06;753,00;2219,52;1,52;2230,04;58,98;0,00;10,93
4447,18;2417,69;754,00;2221,04;1,04;2231,08;59,51;0,00;8,39
4447,84;2416,29;754,00;2222,59;1,59;2232,67;60,15;0,00;9,53
4448,52;2414,88;755,00;2224,15;1,15;2233,82;61,16;0,01;13,85
4449,20;2413,45;755,00;2225,74;1,74;2235,56;61,71;0,00;8,85
4449,89;2412,01;756,00;2227,34;1,34;2236,90;62,39;0,00;10,40
4449,89;2412,01;756,00;2228,96;1,96;2238,85;63,22;0,01;12,32
4451,30;2409,07;757,00;2230,60;1,60;2240,45;63,86;0,00;10,10
4452,02;2407,58;757,00;2232,25;1,25;2241,70;64,49;0,00;10,19
4452,74;2406,07;758,00;2233,92;1,92;2243,62;65,32;0,01;12,65
4453,47;2404,54;758,00;2235,62;1,62;2245,24;66,12;0,01;12,58
4454,21;2403,00;759,00;2237,33;1,33;2246,57;66,66;0,00;9,39
4454,96;2401,44;759,00;2239,06;2,06;2248,63;67,54;0,01;13,70
4455,72;2399,86;760,00;2240,82;1,82;2250,44;68,49;0,01;14,89
4456,49;2398,25;760,00;2242,60;1,60;2252,04;69,44;0,01;14,93
4457,27;2396,63;761,00;2244,39;1,39;2253,43;70,11;0,00;11,65
4458,05;2395,00;761,00;2246,21;2,21;2255,64;70,72;0,00;10,93
4458,84;2393,34;762,00;2248,04;2,04;2257,68;71,51;0,01;13,38
4459,64;2391,68;763,00;2249,89;1,89;2259,57;72,14;0,00;11,50
4460,45;2390,00;763,00;2251,75;1,75;2261,33;72,67;0,00;10,12
4461,26;2388,30;764,00;2253,64;1,64;2262,97;73,52;0,01;14,68
4462,09;2386,58;764,00;2255,55;1,55;2264,51;74,37;0,01;14,83
4462,92;2384,83;765,00;2257,48;1,48;2265,99;75,33;0,01;16,55
4463,77;2383,07;765,00;2259,43;2,43;2268,43;76,32;0,01;17,09
4464,63;2381,28;766,00;2261,42;2,42;2270,84;77,30;0,01;17,37
4465,49;2379,48;766,00;2263,42;2,42;2273,26;78,12;0,01;15,15
4466,36;2377,66;767,00;2265,44;2,44;2275,70;78,72;0,00;12,15
4467,24;2375,82;767,00;2267,47;2,47;2278,18;79,34;0,01;12,57
4468,13;2373,97;768,00;2269,52;2,52;2280,70;79,96;0,01;12,65
4469,03;2372,10;768,00;2271,60;1,60;2282,30;80,94;0,01;18,17
4469,93;2370,21;769,00;2273,69;1,69;2283,99;81,68;0,01;14,73
4470,84;2368,30;769,00;2275,81;1,81;2285,80;82,38;0,01;14,34
4471,76;2366,37;770,00;2277,94;1,94;2287,73;83,12;0,01;14,98
4472,68;2364,44;770,00;2280,08;2,08;2289,81;83,63;0,00;11,69
4473,63;2362,42;771,00;2282,24;2,24;2292,05;84,18;0,00;12,33
4474,63;2360,33;771,00;2284,41;2,41;2294,47;84,83;0,01;14,02
4475,63;2358,21;772,00;2286,61;2,61;2297,08;85,76;0,01;18,56
4476,64;2356,08;772,00;2288,83;1,83;2298,91;86,40;0,01;14,14
4477,66;2353,93;773,00;2291,06;2,06;2300,97;87,01;0,01;13,89
4478,25;2351,67;773,00;2293,31;2,31;2303,28;87,62;0,01;13,91
4478,17;2349,25;774,00;2295,58;2,58;2305,85;88,51;0,01;18,65
4477,97;2346,84;775,00;2297,87;1,87;2307,72;89,37;0,01;18,39
4477,02;2344,60;775,00;2300,14;2,14;2309,86;88,67;0,00;0,00
4476,09;2342,41;776,00;2302,38;2,38;2312,24;87,17;0,00;0,00
4474,80;2340,47;776,00;2304,57;2,57;2314,81;85,46;0,00;0,00
4473,45;2338,62;777,00;2306,71;1,71;2316,52;83,70;0,00;0,00
4472,06;2336,76;777,00;2308,82;1,82;2318,34;81,96;0,00;0,00
4470,59;2334,89;778,00;2310,91;1,91;2320,25;81,66;0,00;0,00
4468,91;2333,21;778,00;2313,01;2,01;2322,26;81,79;0,00;5,58
4468,91;2333,21;779,00;2315,10;2,10;2324,36;81,72;0,00;2,57
4466,96;2331,85;779,00;2317,20;2,20;2326,56;81,97;0,00;7,59
4463,07;2329,59;780,00;2319,26;2,26;2328,82;80,22;0,00;0,00
4461,28;2328,58;780,00;2321,32;2,32;2331,14;80,30;0,00;4,86
4459,50;2327,56;781,00;2323,38;2,38;2333,52;80,32;0,00;3,78
4457,71;2326,54;781,00;2325,43;2,43;2335,95;80,01;0,00;0,00
4455,92;2325,52;782,00;2327,49;2,49;2338,45;80,31;0,00;8,09
4454,14;2324,51;782,00;2329,55;2,55;2340,99;80,23;0,00;2,40
4452,35;2323,49;783,00;2331,60;1,60;2342,60;80,18;0,00;2,84
4452,35;2323,49;783,00;2333,66;1,66;2344,26;80,28;0,00;5,23
4448,67;2321,42;784,00;2335,71;1,71;2345,97;80,05;0,00;0,00
4448,67;2321,42;784,00;2337,77;1,77;2347,75;80,29;0,00;7,24
4445,04;2319,50;785,00;2339,82;1,82;2349,57;79,92;0,00;0,00
4443,23;2318,54;785,00;2341,87;1,87;2351,44;79,89;0,00;3,06
4441,41;2317,58;786,00;2343,93;1,93;2353,37;80,33;0,00;10,41
4439,59;2316,62;786,00;2345,99;1,99;2355,36;80,21;0,00;1,78
4437,77;2315,67;787,00;2348,04;2,04;2357,40;80,10;0,00;1,93
4435,95;2314,71;787,00;2350,10;2,10;2359,49;80,13;0,00;3,98
4434,14;2313,75;788,00;2352,15;2,15;2361,64;80,02;0,00;1,99
4432,32;2312,79;789,00;2354,20;2,20;2363,84;80,12;0,00;5,05
4430,51;2311,84;789,00;2356,25;2,25;2366,09;79,86;0,00;0,00
4428,65;2310,91;790,00;2358,30;2,30;2368,39;79,99;0,00;5,58
4426,79;2309,99;790,00;2360,35;2,35;2370,75;79,96;0,00;3,25
4424,93;2309,06;791,00;2362,40;2,40;2373,15;79,88;0,00;2,31
4423,08;2308,14;791,00;2364,45;2,45;2375,59;79,86;0,00;3,38
4423,08;2308,14;792,00;2366,51;2,51;2378,10;80,33;0,00;10,82
4419,34;2306,28;792,00;2368,56;1,56;2379,66;80,20;0,00;1,62
4417,48;2305,38;793,00;2370,62;1,62;2381,28;80,27;0,00;4,72
4415,62;2304,52;793,00;2372,67;1,67;2382,96;80,02;0,00;0,00
4413,75;2303,66;794,00;2374,73;1,73;2384,69;80,23;0,00;6,90
4411,88;2302,79;794,00;2376,79;1,79;2386,48;80,31;0,00;4,77
4410,02;2301,93;795,00;2378,85;1,85;2388,33;80,23;0,00;2,47
4408,15;2301,07;795,00;2380,90;1,90;2390,22;79,89;0,00;0,00
4406,22;2300,22;796,00;2382,96;1,96;2392,18;80,33;0,00;10,47
4404,29;2299,38;796,00;2385,01;2,01;2394,19;80,31;0,00;3,39
4402,39;2298,58;797,00;2387,06;2,06;2396,25;79,86;0,00;0,00
4400,64;2297,83;797,00;2389,11;2,11;2398,37;80,02;0,00;6,09
4398,78;2296,95;798,00;2391,17;2,17;2400,54;80,33;0,00;8,42
4396,93;2296,06;798,00;2393,23;2,23;2402,77;80,16;0,00;0,00
4395,08;2295,19;799,00;2395,28;2,28;2405,05;79,90;0,00;0,00
4393,22;2294,30;799,00;2397,33;2,33;2407,38;80,19;0,00;8,08
4391,36;2293,42;800,00;2399,39;2,39;2409,78;80,32;0,00;5,81
4389,51;2292,54;800,00;2401,44;2,44;2412,22;79,98;0,00;0,00
4387,65;2291,66;801,00;2403,50;2,50;2414,72;80,22;0,00;7,50
4385,79;2290,78;801,00;2405,56;1,56;2416,28;80,34;0,00;5,43
4385,79;2290,78;802,00;2407,61;1,61;2417,90;79,95;0,00;0,00
4382,08;2289,02;803,00;2409,66;1,66;2419,56;80,06;0,00;5,34
4380,22;2288,14;803,00;2411,72;1,72;2421,28;80,12;0,00;4,66
4378,37;2287,26;804,00;2413,77;1,77;2423,05;79,87;0,00;0,00
4376,52;2286,38;804,00;2415,82;1,82;2424,86;79,90;0,00;4,13
4374,67;2285,50;805,00;2417,87;1,87;2426,73;80,21;0,00;8,52
4372,81;2284,62;805,00;2419,92;1,92;2428,66;80,05;0,00;0,00
4370,95;2283,73;806,00;2421,99;1,99;2430,64;80,36;0,00;8,57
4370,95;2283,73;806,00;2424,04;2,04;2432,68;80,04;0,00;0,00
4367,24;2281,97;807,00;2426,09;2,09;2434,77;80,18;0,00;5,93
4365,38;2281,09;807,00;2428,15;2,15;2436,93;80,27;0,00;4,99
4363,53;2280,21;808,00;2430,20;2,20;2439,13;79,87;0,00;0,00
4361,67;2279,33;808,00;2432,26;2,26;2441,38;80,21;0,00;9,01
4359,81;2278,45;809,00;2434,32;2,32;2443,70;80,35;0,00;5,85
4357,96;2277,57;809,00;2436,37;2,37;2446,06;79,92;0,00;0,00
4356,10;2276,69;810,00;2438,42;2,42;2448,48;80,08;0,00;6,27
4354,25;2275,81;810,00;2440,47;2,47;2450,95;79,98;0,00;2,09
4352,40;2274,93;811,00;2442,52;2,52;2453,48;80,13;0,00;6,14
4350,54;2274,05;811,00;2444,58;1,58;2455,06;80,16;0,00;4,21
4348,68;2273,17;812,00;2446,63;1,63;2456,69;80,08;0,00;2,48
4346,83;2272,28;812,00;2448,69;1,69;2458,38;80,07;0,00;3,51
4344,97;2271,40;813,00;2450,75;1,75;2460,12;80,33;0,00;7,79
4343,11;2270,52;813,00;2452,80;1,80;2461,93;80,26;0,00;2,64
4341,25;2269,64;814,00;2454,86;1,86;2463,79;80,31;0,00;4,59
4339,39;2268,76;814,00;2456,92;1,92;2465,70;80,03;0,00;0,00
4337,54;2267,88;815,00;2458,97;1,97;2467,67;80,11;0,00;4,94
4335,68;2266,99;815,00;2461,02;2,02;2469,70;80,13;0,00;4,09
4333,83;2266,11;816,00;2463,07;2,07;2471,77;79,96;0,00;0,00
4331,97;2265,23;817,00;2465,13;2,13;2473,90;80,23;0,00;8,10
4330,12;2264,35;817,00;2467,18;2,18;2476,09;80,03;0,00;0,00
4328,27;2263,46;818,00;2469,24;2,24;2478,33;80,09;0,00;4,64
4326,43;2262,57;818,00;2471,29;2,29;2480,61;79,99;0,00;2,21
4324,57;2261,68;819,00;2473,35;2,35;2482,96;80,36;0,00;9,70
4322,73;2260,79;819,00;2475,40;2,40;2485,36;80,04;0,00;0,00
4320,87;2259,89;820,00;2477,46;2,46;2487,83;80,36;0,00;8,98
4319,02;2259,00;820,00;2479,51;2,51;2490,34;80,07;0,00;0,00
4317,17;2258,11;821,00;2481,57;1,57;2491,91;80,29;0,00;7,36
4315,31;2257,22;821,00;2483,63;1,63;2493,55;80,26;0,00;3,33
4313,47;2256,33;822,00;2485,68;1,68;2495,23;79,98;0,00;0,00
4311,62;2255,44;822,00;2487,73;1,73;2496,96;80,05;0,00;4,74
4309,76;2254,55;823,00;2489,79;1,79;2498,76;80,28;0,00;7,48
4307,91;2253,66;823,00;2491,84;1,84;2500,60;79,87;0,00;0,00
4306,06;2252,77;824,00;2493,89;1,89;2502,49;80,09;0,00;7,27
4304,21;2251,88;824,00;2495,95;1,95;2504,44;79,97;0,00;1,88
4302,36;2250,99;825,00;2498,01;2,01;2506,44;80,35;0,00;9,69
4300,51;2250,10;825,00;2500,05;2,05;2508,50;79,87;0,00;0,00
4298,67;2249,22;826,00;2502,10;2,10;2510,60;79,88;0,00;3,97
4296,82;2248,33;826,00;2504,15;2,15;2512,75;80,03;0,00;6,20
4294,97;2247,44;827,00;2506,20;2,20;2514,96;79,94;0,00;2,28
4293,12;2246,55;827,00;2508,26;2,26;2517,21;80,09;0,00;6,14
4291,27;2245,66;828,00;2510,31;2,31;2519,52;79,98;0,00;2,02
4289,41;2244,77;828,00;2512,37;2,37;2521,89;80,28;0,00;8,68
4287,56;2243,88;829,00;2514,42;2,42;2524,31;80,28;0,00;3,76
4285,70;2242,98;829,00;2516,48;2,48;2526,80;80,33;0,00;4,58
4283,85;2242,09;830,00;2518,54;2,54;2529,33;80,04;0,00;0,00
4282,00;2241,20;830,00;2520,59;1,59;2530,93;80,18;0,00;6,00
4280,15;2240,31;831,00;2522,64;1,64;2532,57;80,00;0,00;0,00
4278,30;2239,42;832,00;2524,70;1,70;2534,27;80,18;0,00;6,76
4276,45;2238,53;832,00;2526,75;1,75;2536,02;80,12;0,00;2,71
4274,60;2237,64;833,00;2528,80;1,80;2537,83;79,95;0,00;0,00
4272,75;2236,75;833,00;2530,86;1,86;2539,69;80,10;0,00;6,18
4270,90;2235,87;834,00;2532,91;1,91;2541,59;79,91;0,00;0,00
4269,05;2234,98;834,00;2534,96;1,96;2543,56;80,16;0,00;7,75
4267,19;2234,08;835,00;2537,02;2,02;2545,58;80,28;0,00;5,81
4267,19;2234,08;835,00;2539,08;2,08;2547,65;80,16;0,00;1,79
4263,49;2232,30;836,00;2541,13;2,13;2549,79;80,18;0,00;4,27
4261,64;2231,41;836,00;2543,18;2,18;2551,97;79,94;0,00;0,00
4259,78;2230,52;837,00;2545,24;2,24;2554,21;80,30;0,00;9,64
4257,95;2229,66;837,00;2547,30;2,30;2556,51;80,29;0,00;3,61
4256,11;2228,79;838,00;2549,35;2,35;2558,86;79,94;0,00;0,00
4254,29;2227,93;838,00;2551,40;2,40;2561,26;79,89;0,00;3,02
4252,45;2227,06;839,00;2553,46;2,46;2563,71;80,30;0,00;10,51
4250,63;2226,13;839,00;2555,51;2,51;2566,22;79,90;0,00;0,00
4248,81;2225,18;840,00;2557,56;1,56;2567,78;80,03;0,00;5,94
4246,98;2224,23;840,00;2559,62;1,62;2569,39;80,34;0,00;8,86
4245,16;2223,28;841,00;2561,67;1,67;2571,07;80,13;0,00;0,00
4243,34;2222,33;841,00;2563,73;1,73;2572,79;80,18;0,00;4,60
4241,52;2221,38;842,00;2565,78;1,78;2574,57;79,95;0,00;0,00
4239,69;2220,43;842,00;2567,84;1,84;2576,41;80,30;0,00;9,60
4237,88;2219,49;843,00;2569,89;1,89;2578,29;79,86;0,00;0,00
4236,05;2218,53;843,00;2571,94;1,94;2580,24;80,24;0,00;10,04
4234,23;2217,59;844,00;2573,99;1,99;2582,23;79,87;0,00;0,00
4232,41;2216,64;844,00;2576,05;2,05;2584,27;80,21;0,00;9,47
4230,58;2215,69;845,00;2578,11;2,11;2586,38;80,36;0,00;6,24
4228,77;2214,74;846,00;2580,16;2,16;2588,54;79,95;0,00;0,00
4228,77;2214,74;846,00;2582,21;2,21;2590,75;80,15;0,00;7,24
4225,13;2212,84;847,00;2584,26;2,26;2593,01;79,88;0,00;0,00
4223,30;2211,89;847,00;2586,32;2,32;2595,33;80,31;0,00;10,88
4221,48;2210,95;848,00;2588,37;2,37;2597,70;79,97;0,00;0,00
4219,66;2210,00;848,00;2590,43;2,43;2600,13;80,20;0,00;7,60
4219,66;2210,00;849,00;2592,49;2,49;2602,62;80,29;0,00;5,50
4216,01;2208,10;849,00;2594,54;2,54;2605,16;80,11;0,00;0,00
4214,19;2207,15;850,00;2596,60;1,60;2606,75;80,23;0,00;5,95
4212,36;2206,20;850,00;2598,65;1,65;2608,41;80,25;0,00;4,12
4210,54;2205,25;851,00;2600,71;1,71;2610,12;80,15;0,00;2,26
4208,71;2204,30;851,00;2602,77;1,77;2611,88;80,22;0,00;5,03
4206,89;2203,35;852,00;2604,82;1,82;2613,70;80,01;0,00;0,00
4205,07;2202,40;852,00;2606,87;1,87;2615,57;79,99;0,00;3,46
4203,25;2201,45;853,00;2608,92;1,92;2617,50;80,15;0,00;6,52
4201,43;2200,50;853,00;2610,98;1,98;2619,47;80,04;0,00;2,14
4199,61;2199,56;854,00;2613,03;2,03;2621,50;79,94;0,00;2,33
4197,79;2198,61;854,00;2615,09;2,09;2623,59;80,31;0,00;9,93
4197,79;2198,61;855,00;2617,14;2,14;2625,73;80,18;0,00;1,88
4194,14;2196,71;855,00;2619,20;2,20;2627,93;80,19;0,00;4,11
4192,32;2195,76;856,00;2621,25;2,25;2630,17;79,91;0,00;0,00
4192,32;2195,76;856,00;2623,30;2,30;2632,47;79,94;0,00;4,31
4188,69;2193,86;857,00;2625,35;2,35;2634,82;80,07;0,00;6,07
4188,69;2193,86;857,00;2627,40;2,40;2637,22;80,11;0,00;4,65
4185,04;2191,97;858,00;2629,45;2,45;2639,68;80,00;0,00;2,14
4183,22;2191,02;858,00;2631,51;2,51;2642,19;80,26;0,00;8,21
4181,39;2190,07;859,00;2633,57;1,57;2643,76;80,22;0,00;3,27
4179,57;2189,12;859,00;2635,63;1,63;2645,39;80,25;0,00;4,41
4177,74;2188,17;860,00;2637,69;1,69;2647,07;80,29;0,00;4,63
4175,92;2187,22;861,00;2639,74;1,74;2648,81;80,09;0,00;0,00
4174,10;2186,27;861,00;2641,79;1,79;2650,60;80,01;0,00;2,63
4172,28;2185,32;862,00;2643,84;1,84;2652,44;79,97;0,00;3,26
4170,47;2184,38;862,00;2645,89;1,89;2654,34;79,95;0,00;3,58
4168,64;2183,43;863,00;2647,95;1,95;2656,28;80,21;0,00;8,21
4166,82;2182,48;863,00;2650,00;2,00;2658,28;80,00;0,00;0,00
4165,01;2181,53;864,00;2652,05;2,05;2660,33;79,90;0,00;2,18
4163,19;2180,58;864,00;2654,10;2,10;2662,43;80,01;0,00;5,81
4161,37;2179,64;865,00;2656,15;2,15;2664,58;79,89;0,00;2,01
4159,55;2178,69;865,00;2658,20;2,20;2666,78;80,17;0,00;8,56
4157,73;2177,74;866,00;2660,25;2,25;2669,04;79,86;0,00;0,00
4155,91;2176,79;866,00;2662,30;2,30;2671,34;80,00;0,00;6,22
4155,91;2176,79;867,00;2664,36;2,36;2673,70;80,18;0,00;7,09
4152,27;2174,90;867,00;2666,41;2,41;2676,11;79,95;0,00;0,00
4150,45;2173,95;868,00;2668,46;2,46;2678,56;79,87;0,00;2,60
4148,63;2173,00;868,00;2670,51;2,51;2681,08;80,17;0,00;8,98
4146,81;2172,05;869,00;2672,57;1,57;2682,64;80,14;0,00;3,53
4144,99;2171,11;869,00;2674,62;1,62;2684,26;79,93;0,00;0,00
4143,17;2170,16;870,00;2676,66;1,66;2685,93;79,86;0,00;2,92
4141,35;2169,21;870,00;2678,72;1,72;2687,64;80,14;0,00;8,60
4139,53;2168,26;871,00;2680,78;1,78;2689,42;80,32;0,00;6,98
4137,71;2167,31;871,00;2682,83;1,83;2691,25;79,98;0,00;0,00
4135,88;2166,36;872,00;2684,89;1,89;2693,14;80,33;0,00;10,04
4134,06;2165,41;872,00;2686,95;1,95;2695,09;80,21;0,00;1,89
4132,23;2164,46;873,00;2689,00;2,00;2697,09;80,20;0,00;3,90
4130,41;2163,51;874,00;2691,06;2,06;2699,15;80,14;0,00;2,91
4128,59;2162,56;874,00;2693,11;2,11;2701,26;80,16;0,00;4,45
4126,76;2161,61;875,00;2695,17;2,17;2703,43;80,36;0,00;7,31
4124,94;2160,66;875,00;2697,22;2,22;2705,66;79,93;0,00;0,00
4123,12;2159,72;876,00;2699,28;2,28;2707,93;80,08;0,00;6,66
